productId,assignments,coverageStatus,reviewCandidates,warnings,deferredFindings
7,,NO_CAPABILITY_APPLICABLE,,,
8,,NO_CAPABILITY_APPLICABLE,,,
9,,NO_CAPABILITY_APPLICABLE,,,
10,,NO_CAPABILITY_APPLICABLE,,,
11,,NO_CAPABILITY_APPLICABLE,,,
12,,UNMODELED,,,
13,,NO_CAPABILITY_APPLICABLE,,,
14,,NO_CAPABILITY_APPLICABLE,,,
15,,NO_CAPABILITY_APPLICABLE,,,
16,,UNMODELED,,,
17,,NO_CAPABILITY_APPLICABLE,,,
18,LEG_CURL:DIRECT:HIGH,UNMODELED,,,
19,,NO_CAPABILITY_APPLICABLE,,,
20,,NO_CAPABILITY_APPLICABLE,,,
21,,NO_CAPABILITY_APPLICABLE,,,
22,,NO_CAPABILITY_APPLICABLE,,,
23,,NO_CAPABILITY_APPLICABLE,,,
24,,NO_CAPABILITY_APPLICABLE,,,
25,,NO_CAPABILITY_APPLICABLE,,,
26,,NO_CAPABILITY_APPLICABLE,,,
27,,NO_CAPABILITY_APPLICABLE,,,
28,,NO_CAPABILITY_APPLICABLE,,,
29,,NO_CAPABILITY_APPLICABLE,,,
30,,NO_CAPABILITY_APPLICABLE,,,
31,,NO_CAPABILITY_APPLICABLE,,,
32,,NO_CAPABILITY_APPLICABLE,,,
33,,NO_CAPABILITY_APPLICABLE,,,
34,,NO_CAPABILITY_APPLICABLE,,,
35,,NO_CAPABILITY_APPLICABLE,,,
38,,UNMODELED,,,
39,,UNMODELED,,,
40,,NO_CAPABILITY_APPLICABLE,,,
41,,UNMODELED,,,
42,,UNMODELED,,,
43,,NO_CAPABILITY_APPLICABLE,,,
44,,NO_CAPABILITY_APPLICABLE,,,
45,,NO_CAPABILITY_APPLICABLE,,,
46,,NO_CAPABILITY_APPLICABLE,,,
47,,NO_CAPABILITY_APPLICABLE,,,
48,,NO_CAPABILITY_APPLICABLE,,,
49,,NO_CAPABILITY_APPLICABLE,,,
50,,NO_CAPABILITY_APPLICABLE,,,
51,,NO_CAPABILITY_APPLICABLE,,,
52,,UNMODELED,,,
53,,UNMODELED,,,
54,,UNMODELED,,,
56,,UNMODELED,,,
57,,UNMODELED,,,
58,,UNMODELED,,,
59,,UNMODELED,,,
60,,UNMODELED,,,
61,,UNMODELED,,,
62,,UNMODELED,,,
63,,UNMODELED,,,
64,,UNMODELED,,,
65,,UNMODELED,,,
66,,NO_CAPABILITY_APPLICABLE,,,
67,,NO_CAPABILITY_APPLICABLE,,,
68,,NO_CAPABILITY_APPLICABLE,,,
69,,UNMODELED,,,
70,,UNMODELED,,,
76,,NO_CAPABILITY_APPLICABLE,,,
77,,NO_CAPABILITY_APPLICABLE,,,
78,,NO_CAPABILITY_APPLICABLE,,,
79,,NO_CAPABILITY_APPLICABLE,,,
80,,UNMODELED,,,
81,,UNMODELED,,,
82,,UNMODELED,,,
84,,UNMODELED,,,
85,,UNMODELED,,,
86,,UNMODELED,,,
87,,UNMODELED,,,
88,,UNMODELED,,,
89,,UNMODELED,,,
90,,UNMODELED,,,
91,,UNMODELED,,,
92,,UNMODELED,,,
93,,UNMODELED,,,
94,,UNMODELED,,,
95,,UNMODELED,,,
96,,UNMODELED,,,
97,,UNMODELED,,,
98,,UNMODELED,,,
99,,UNMODELED,,,
100,,UNMODELED,,,
101,,UNMODELED,,,
102,,UNMODELED,,,
103,,UNMODELED,,,
104,,UNMODELED,,,
105,,UNMODELED,,,
106,,UNMODELED,,,
107,,UNMODELED,,,
108,,UNMODELED,,,
109,,UNMODELED,,,
110,,UNMODELED,,,
111,,UNMODELED,,,
112,,UNMODELED,,,
113,,UNMODELED,,,
114,,UNMODELED,,,
115,,UNMODELED,,,
116,,UNMODELED,,,
117,,UNMODELED,,,
118,,UNMODELED,,,
119,,UNMODELED,,,
120,,NO_CAPABILITY_APPLICABLE,,,
121,,NO_CAPABILITY_APPLICABLE,,,
122,,NO_CAPABILITY_APPLICABLE,,,
123,,NO_CAPABILITY_APPLICABLE,,,
124,,NO_CAPABILITY_APPLICABLE,,,
125,,NO_CAPABILITY_APPLICABLE,,,
126,,NO_CAPABILITY_APPLICABLE,,,
134,,UNMODELED,,,
135,,UNMODELED,,,
136,,UNMODELED,,,
137,,UNMODELED,,,
138,,UNMODELED,,,
139,,UNMODELED,,,
140,,NO_CAPABILITY_APPLICABLE,,,
141,,NO_CAPABILITY_APPLICABLE,,,
142,,NO_CAPABILITY_APPLICABLE,,,
143,,NO_CAPABILITY_APPLICABLE,,,
144,,NO_CAPABILITY_APPLICABLE,,,
145,,NO_CAPABILITY_APPLICABLE,,,
146,,NO_CAPABILITY_APPLICABLE,,,
147,,NO_CAPABILITY_APPLICABLE,,,
150,,UNMODELED,,,
151,,NO_CAPABILITY_APPLICABLE,,,
153,,NO_CAPABILITY_APPLICABLE,,,
154,,NO_CAPABILITY_APPLICABLE,,,
155,,NO_CAPABILITY_APPLICABLE,,,
156,,UNMODELED,,,
157,,UNMODELED,,,
158,,UNMODELED,,,
159,,UNMODELED,,,
160,,UNMODELED,,,
161,,UNMODELED,,,
162,,NO_CAPABILITY_APPLICABLE,,,
163,,NO_CAPABILITY_APPLICABLE,,,
165,,NO_CAPABILITY_APPLICABLE,,,
166,,UNMODELED,,,
167,,UNMODELED,,,
168,,UNMODELED,,,
169,,UNMODELED,,,
170,,NO_CAPABILITY_APPLICABLE,,,
171,,NO_CAPABILITY_APPLICABLE,,,
172,,NO_CAPABILITY_APPLICABLE,,,
173,,NO_CAPABILITY_APPLICABLE,,,
174,,NO_CAPABILITY_APPLICABLE,,,
175,LAT_PULLDOWN:DIRECT:EXPLICIT;ROW:DIRECT:EXPLICIT,UNMODELED,,,
176,LAT_PULLDOWN:DIRECT:EXPLICIT;PULL_UP:SUPPORTED:HIGH,UNMODELED,,SUPPORTED assignment requires explicit module/configuration evidence.,
177,PULL_UP:DIRECT:EXPLICIT,UNMODELED,,,
179,,UNMODELED,,,
180,,UNMODELED,,,
181,,UNMODELED,,,
182,,UNMODELED,,,
183,,UNMODELED,,,
184,,UNMODELED,,,
185,,UNMODELED,,,
186,,UNMODELED,,,
187,,UNMODELED,,,
188,,UNMODELED,,,
189,,UNMODELED,,,
190,,UNMODELED,,,
191,,UNMODELED,,,
192,,UNMODELED,,,
193,,UNMODELED,,,
194,,UNMODELED,,,
195,,UNMODELED,,,
196,,UNMODELED,,,
197,,NO_CAPABILITY_APPLICABLE,,,
198,,NO_CAPABILITY_APPLICABLE,,,
199,,NO_CAPABILITY_APPLICABLE,,,
200,,NO_CAPABILITY_APPLICABLE,,,
201,,NO_CAPABILITY_APPLICABLE,,,
202,,NO_CAPABILITY_APPLICABLE,,,
203,,NO_CAPABILITY_APPLICABLE,,,
204,,NO_CAPABILITY_APPLICABLE,,,
205,,NO_CAPABILITY_APPLICABLE,,,
206,,NO_CAPABILITY_APPLICABLE,,,
207,,NO_CAPABILITY_APPLICABLE,,,
208,,NO_CAPABILITY_APPLICABLE,,,
209,,NO_CAPABILITY_APPLICABLE,,,
210,,NO_CAPABILITY_APPLICABLE,,,
211,,NO_CAPABILITY_APPLICABLE,,,
212,,NO_CAPABILITY_APPLICABLE,,,
213,,NO_CAPABILITY_APPLICABLE,,,
214,,NO_CAPABILITY_APPLICABLE,,,
215,,NO_CAPABILITY_APPLICABLE,,,
216,,NO_CAPABILITY_APPLICABLE,,,
217,,NO_CAPABILITY_APPLICABLE,,,
218,,NO_CAPABILITY_APPLICABLE,,,
219,,NO_CAPABILITY_APPLICABLE,,,
220,,NO_CAPABILITY_APPLICABLE,,,
221,,NO_CAPABILITY_APPLICABLE,,,
222,,NO_CAPABILITY_APPLICABLE,,,
223,,UNMODELED,,,
224,,NO_CAPABILITY_APPLICABLE,,,
225,,NO_CAPABILITY_APPLICABLE,,,
226,,NO_CAPABILITY_APPLICABLE,,,
227,,NO_CAPABILITY_APPLICABLE,,,
228,,NO_CAPABILITY_APPLICABLE,,,
229,,NO_CAPABILITY_APPLICABLE,,,
230,,NO_CAPABILITY_APPLICABLE,,,
231,,NO_CAPABILITY_APPLICABLE,,,
232,,NO_CAPABILITY_APPLICABLE,,,
233,,NO_CAPABILITY_APPLICABLE,,,
234,,NO_CAPABILITY_APPLICABLE,,,
235,,NO_CAPABILITY_APPLICABLE,,,
236,,NO_CAPABILITY_APPLICABLE,,,
237,,NO_CAPABILITY_APPLICABLE,,,
238,,NO_CAPABILITY_APPLICABLE,,,
239,,NO_CAPABILITY_APPLICABLE,,,
240,,NO_CAPABILITY_APPLICABLE,,,
241,,NO_CAPABILITY_APPLICABLE,,,
242,,NO_CAPABILITY_APPLICABLE,,,
243,,NO_CAPABILITY_APPLICABLE,,,
244,,NO_CAPABILITY_APPLICABLE,,,
245,HIP_THRUST:DIRECT:EXPLICIT,UNMODELED,,,
246,,NO_CAPABILITY_APPLICABLE,,,
247,,NO_CAPABILITY_APPLICABLE,,,
248,,NO_CAPABILITY_APPLICABLE,,,
249,,NO_CAPABILITY_APPLICABLE,,,
250,,NO_CAPABILITY_APPLICABLE,,,
251,,UNMODELED,,,
252,,UNMODELED,,,
253,,UNMODELED,,,
254,,NO_CAPABILITY_APPLICABLE,,,
255,,NO_CAPABILITY_APPLICABLE,,,
256,,INSUFFICIENT_EVIDENCE,,,BICEPS_CURL:curl de biceps
257,,INSUFFICIENT_EVIDENCE,,,
258,,INSUFFICIENT_EVIDENCE,,,TRICEPS_EXTENSION:extension de triceps
259,SHOULDER_PRESS:DIRECT:EXPLICIT,UNMODELED,,,
260,PULL_UP:DIRECT:EXPLICIT,UNMODELED,,,
261,ROW:DIRECT:EXPLICIT,UNMODELED,,,
262,LAT_PULLDOWN:DIRECT:EXPLICIT,UNMODELED,,,
263,LAT_PULLDOWN:DIRECT:EXPLICIT;ROW:DIRECT:EXPLICIT,UNMODELED,,,
264,ROW:DIRECT:EXPLICIT,UNMODELED,,,
265,ROW:DIRECT:EXPLICIT,UNMODELED,,,
267,,NO_CAPABILITY_APPLICABLE,,,
268,,NO_CAPABILITY_APPLICABLE,,,
269,,NO_CAPABILITY_APPLICABLE,,,
270,,NO_CAPABILITY_APPLICABLE,,,
271,CHEST_PRESS:DIRECT:EXPLICIT,UNMODELED,,,
272,PEC_DECK:DIRECT:EXPLICIT,UNMODELED,,,
273,,UNMODELED,,,
274,,NO_CAPABILITY_APPLICABLE,,,
275,,UNMODELED,,,
276,,UNMODELED,,,
277,,NO_CAPABILITY_APPLICABLE,,,
278,,UNMODELED,,,
279,LEG_CURL:DIRECT:EXPLICIT,UNMODELED,,,
280,LEG_EXTENSION:DIRECT:EXPLICIT,UNMODELED,,,
281,LEG_CURL:DIRECT:EXPLICIT,UNMODELED,,,
282,,UNMODELED,,,GLUTE_KICKBACK:patada de gluteo
283,,UNMODELED,,,
284,,UNMODELED,,,
285,,NO_CAPABILITY_APPLICABLE,,,
287,,UNMODELED,,,
288,,INSUFFICIENT_EVIDENCE,,,
289,,INSUFFICIENT_EVIDENCE,,,
290,,NO_CAPABILITY_APPLICABLE,,,
291,,NO_CAPABILITY_APPLICABLE,,,
297,,NO_CAPABILITY_APPLICABLE,,,
298,ROW:DIRECT:EXPLICIT,UNMODELED,,,
299,,NO_CAPABILITY_APPLICABLE,,,
300,DIP:DIRECT:EXPLICIT,UNMODELED,,,
301,DIP:DIRECT:EXPLICIT,UNMODELED,,,
302,DIP:DIRECT:EXPLICIT,UNMODELED,,,
303,,UNMODELED,,,
304,,NO_CAPABILITY_APPLICABLE,,,
305,,UNMODELED,,,
306,,UNMODELED,,,
307,,NO_CAPABILITY_APPLICABLE,,,
308,,NO_CAPABILITY_APPLICABLE,,,
309,,UNMODELED,,,
310,,UNMODELED,,,
311,,NO_CAPABILITY_APPLICABLE,,,
312,,UNMODELED,,,
318,,UNMODELED,,,
319,,NO_CAPABILITY_APPLICABLE,,,
320,,UNMODELED,,,
321,DIP:DIRECT:EXPLICIT,UNMODELED,,,
322,,UNMODELED,,,
323,,UNMODELED,,,
324,,UNMODELED,,,
325,,UNMODELED,,,
326,,UNMODELED,,,
327,,UNMODELED,,,
328,,UNMODELED,,,
329,,UNMODELED,,,
330,,UNMODELED,,,
334,,UNMODELED,,,
338,,UNMODELED,,,
339,,UNMODELED,,,
340,,UNMODELED,,,
341,,UNMODELED,,,
342,,UNMODELED,,,
343,PULL_UP:SUPPORTED:HIGH,UNMODELED,,SUPPORTED assignment requires explicit module/configuration evidence.,
344,,INSUFFICIENT_EVIDENCE,,,
345,,INSUFFICIENT_EVIDENCE,,,
346,,UNMODELED,,,
347,,UNMODELED,,,
348,,UNMODELED,,,
349,,NO_CAPABILITY_APPLICABLE,,,
350,,INSUFFICIENT_EVIDENCE,,,
351,,UNMODELED,,,
352,LAT_PULLDOWN:DIRECT:EXPLICIT;ROW:DIRECT:EXPLICIT,UNMODELED,,,
353,,UNMODELED,,,
354,,UNMODELED,,,
355,,INSUFFICIENT_EVIDENCE,,,
358,,UNMODELED,,,
360,,UNMODELED,,,
361,,UNMODELED,,,
363,,UNMODELED,,,
364,,UNMODELED,,,
365,,UNMODELED,,,
366,,NO_CAPABILITY_APPLICABLE,,,
367,,UNMODELED,,,
368,,UNMODELED,,,
371,,UNMODELED,,,
373,,NO_CAPABILITY_APPLICABLE,,,
374,,NO_CAPABILITY_APPLICABLE,,,
375,,UNMODELED,,,
378,,NO_CAPABILITY_APPLICABLE,,,
379,,UNMODELED,,,
380,,UNMODELED,,,
381,,NO_CAPABILITY_APPLICABLE,,,
382,,NO_CAPABILITY_APPLICABLE,,,
383,,UNMODELED,,,
385,,NO_CAPABILITY_APPLICABLE,,,
386,,UNMODELED,,,SQUAT:squat
387,,UNMODELED,,,
388,DIP:DIRECT:HIGH,UNMODELED,,,
389,,NO_CAPABILITY_APPLICABLE,,,
390,,UNMODELED,,,
391,,UNMODELED,,,
392,,UNMODELED,,,SQUAT:squat
393,,UNMODELED,,,
394,,NO_CAPABILITY_APPLICABLE,,,
395,,NO_CAPABILITY_APPLICABLE,,,
396,,NO_CAPABILITY_APPLICABLE,,,
414,,NO_CAPABILITY_APPLICABLE,,,
415,,NO_CAPABILITY_APPLICABLE,,,
416,,UNMODELED,,,
417,,NO_CAPABILITY_APPLICABLE,,,
418,,NO_CAPABILITY_APPLICABLE,,,
419,,NO_CAPABILITY_APPLICABLE,,,
420,,UNMODELED,,,
421,,UNMODELED,,,
422,,UNMODELED,,,
423,,UNMODELED,,,
424,,UNMODELED,,,
425,,UNMODELED,,,
426,,UNMODELED,,,
427,,UNMODELED,,,
430,,UNMODELED,,,
431,,UNMODELED,,,
432,,UNMODELED,,,
433,,UNMODELED,,,
434,,NO_CAPABILITY_APPLICABLE,,,
435,,UNMODELED,,,
437,,NO_CAPABILITY_APPLICABLE,,,
438,,NO_CAPABILITY_APPLICABLE,,,
439,,NO_CAPABILITY_APPLICABLE,,,
440,,NO_CAPABILITY_APPLICABLE,,,
441,,NO_CAPABILITY_APPLICABLE,,,
443,,UNMODELED,,,
444,,UNMODELED,,,
445,LEG_CURL:DIRECT:EXPLICIT,UNMODELED,,,
446,ROW:DIRECT:EXPLICIT,UNMODELED,,,
447,CHEST_PRESS:DIRECT:EXPLICIT,UNMODELED,,,
448,SHOULDER_PRESS:DIRECT:EXPLICIT,UNMODELED,,,
449,LAT_PULLDOWN:DIRECT:EXPLICIT,UNMODELED,,,
450,,UNMODELED,,,SQUAT:squat
451,,INSUFFICIENT_EVIDENCE,,,LEG_PRESS:leg press
452,LEG_EXTENSION:DIRECT:EXPLICIT,UNMODELED,,,
453,,UNMODELED,,,
454,,NO_CAPABILITY_APPLICABLE,,,
455,,NO_CAPABILITY_APPLICABLE,,,
456,,UNMODELED,,,
457,,UNMODELED,,,
458,,UNMODELED,,,
459,,UNMODELED,,,
460,,UNMODELED,,,
461,,UNMODELED,,,
462,,NO_CAPABILITY_APPLICABLE,,,
463,,UNMODELED,,,
464,,UNMODELED,,,
465,,UNMODELED,,,
466,,NO_CAPABILITY_APPLICABLE,,,
467,,UNMODELED,,,
468,,UNMODELED,,,
469,,UNMODELED,,,
470,,NO_CAPABILITY_APPLICABLE,,,
471,,NO_CAPABILITY_APPLICABLE,,,
472,,NO_CAPABILITY_APPLICABLE,,,
473,,NO_CAPABILITY_APPLICABLE,,,
474,,NO_CAPABILITY_APPLICABLE,,,
475,,NO_CAPABILITY_APPLICABLE,,,
476,,NO_CAPABILITY_APPLICABLE,,,
477,,UNMODELED,,,SQUAT:squat
478,,NO_CAPABILITY_APPLICABLE,,,
479,,NO_CAPABILITY_APPLICABLE,,,
480,,NO_CAPABILITY_APPLICABLE,,,
481,,UNMODELED,,,
482,,NO_CAPABILITY_APPLICABLE,,,
483,,NO_CAPABILITY_APPLICABLE,,,
484,,UNMODELED,,,
485,SHOULDER_PRESS:DIRECT:EXPLICIT,UNMODELED,,,
486,CHEST_PRESS:DIRECT:EXPLICIT,UNMODELED,,,
487,LEG_CURL:DIRECT:EXPLICIT,UNMODELED,,,
488,,INSUFFICIENT_EVIDENCE,,,BICEPS_CURL:curl de biceps
489,ROW:DIRECT:EXPLICIT,UNMODELED,,,
490,,INSUFFICIENT_EVIDENCE,,,
491,,UNMODELED,,,
492,LEG_EXTENSION:DIRECT:EXPLICIT,UNMODELED,,,
493,,INSUFFICIENT_EVIDENCE,,,
494,,INSUFFICIENT_EVIDENCE,,,
495,,INSUFFICIENT_EVIDENCE,,,
496,LEG_CURL:DIRECT:EXPLICIT,UNMODELED,,,
497,ABDUCTOR:DIRECT:EXPLICIT;ADDUCTOR:DIRECT:EXPLICIT,UNMODELED,,,
498,PULL_UP:SUPPORTED:EXPLICIT,UNMODELED,,SUPPORTED assignment requires explicit module/configuration evidence.,
499,,UNMODELED,,,
500,,UNMODELED,,,
501,,UNMODELED,,,
502,LAT_PULLDOWN:DIRECT:EXPLICIT,UNMODELED,,,
503,ROW:DIRECT:EXPLICIT,UNMODELED,,,
504,,UNMODELED,,,
505,,UNMODELED,,,
506,,NO_CAPABILITY_APPLICABLE,,,
508,,NO_CAPABILITY_APPLICABLE,,,
509,,UNMODELED,,,
517,,UNMODELED,,,
518,,UNMODELED,,,
520,,UNMODELED,,,
521,,UNMODELED,,,
522,,UNMODELED,,,
523,,UNMODELED,,,
524,,UNMODELED,,,
525,,UNMODELED,,,
527,,NO_CAPABILITY_APPLICABLE,,,
528,PULL_UP:DIRECT:EXPLICIT,UNMODELED,,,
529,,UNMODELED,,,
534,,INSUFFICIENT_EVIDENCE,,,
536,,NO_CAPABILITY_APPLICABLE,,,
537,,NO_CAPABILITY_APPLICABLE,,,
540,,UNMODELED,,,
545,,NO_CAPABILITY_APPLICABLE,,,
546,,NO_CAPABILITY_APPLICABLE,,,
547,,NO_CAPABILITY_APPLICABLE,,,
548,,NO_CAPABILITY_APPLICABLE,,,
549,,NO_CAPABILITY_APPLICABLE,,,
550,,UNMODELED,,,
551,,UNMODELED,,,
552,,UNMODELED,,,
553,,UNMODELED,,,
554,,UNMODELED,,,
555,,UNMODELED,,,
556,,UNMODELED,,,
557,,UNMODELED,,,
558,,UNMODELED,,,
567,,UNMODELED,,,
569,,NO_CAPABILITY_APPLICABLE,,,
570,,NO_CAPABILITY_APPLICABLE,,,
571,,NO_CAPABILITY_APPLICABLE,,,
572,,NO_CAPABILITY_APPLICABLE,,,
573,,NO_CAPABILITY_APPLICABLE,,,
574,,NO_CAPABILITY_APPLICABLE,,,
575,,NO_CAPABILITY_APPLICABLE,,,
576,,NO_CAPABILITY_APPLICABLE,,,
577,,NO_CAPABILITY_APPLICABLE,,,
578,,NO_CAPABILITY_APPLICABLE,,,
592,,NO_CAPABILITY_APPLICABLE,,,
593,,UNMODELED,,,
594,,UNMODELED,,,
595,,UNMODELED,,,
596,,UNMODELED,,,
597,,NO_CAPABILITY_APPLICABLE,,,
598,,NO_CAPABILITY_APPLICABLE,,,
599,,NO_CAPABILITY_APPLICABLE,,,
600,,NO_CAPABILITY_APPLICABLE,,,
601,,NO_CAPABILITY_APPLICABLE,,,
602,,NO_CAPABILITY_APPLICABLE,,,
603,,NO_CAPABILITY_APPLICABLE,,,
604,,NO_CAPABILITY_APPLICABLE,,,
605,,NO_CAPABILITY_APPLICABLE,,,
606,,NO_CAPABILITY_APPLICABLE,,,
607,,UNMODELED,,,
608,,NO_CAPABILITY_APPLICABLE,,,
610,,NO_CAPABILITY_APPLICABLE,,,
611,,NO_CAPABILITY_APPLICABLE,,,
612,,UNMODELED,,,
613,,UNMODELED,,,
614,,UNMODELED,,,
615,,UNMODELED,,,
616,,UNMODELED,,,
617,,UNMODELED,,,
618,,NO_CAPABILITY_APPLICABLE,,,
619,,NO_CAPABILITY_APPLICABLE,,,
620,,NO_CAPABILITY_APPLICABLE,,,
621,,NO_CAPABILITY_APPLICABLE,,,
622,,NO_CAPABILITY_APPLICABLE,,,
623,,NO_CAPABILITY_APPLICABLE,,,
624,,NO_CAPABILITY_APPLICABLE,,,
625,,NO_CAPABILITY_APPLICABLE,,,
626,,NO_CAPABILITY_APPLICABLE,,,
627,,NO_CAPABILITY_APPLICABLE,,,
628,,NO_CAPABILITY_APPLICABLE,,,
629,,NO_CAPABILITY_APPLICABLE,,,
630,,NO_CAPABILITY_APPLICABLE,,,
631,,NO_CAPABILITY_APPLICABLE,,,
632,,NO_CAPABILITY_APPLICABLE,,,
633,,NO_CAPABILITY_APPLICABLE,,,
634,,NO_CAPABILITY_APPLICABLE,,,
635,,NO_CAPABILITY_APPLICABLE,,,
636,,NO_CAPABILITY_APPLICABLE,,,
637,,NO_CAPABILITY_APPLICABLE,,,
638,,NO_CAPABILITY_APPLICABLE,,,
639,,UNMODELED,,,
640,,UNMODELED,,,
641,,NO_CAPABILITY_APPLICABLE,,,
642,,NO_CAPABILITY_APPLICABLE,,,
643,,NO_CAPABILITY_APPLICABLE,,,
644,,NO_CAPABILITY_APPLICABLE,,,
646,,NO_CAPABILITY_APPLICABLE,,,
647,,NO_CAPABILITY_APPLICABLE,,,
648,,NO_CAPABILITY_APPLICABLE,,,
649,,NO_CAPABILITY_APPLICABLE,,,
650,,NO_CAPABILITY_APPLICABLE,,,
651,,NO_CAPABILITY_APPLICABLE,,,
655,,NO_CAPABILITY_APPLICABLE,,,
658,,UNMODELED,,,
659,,UNMODELED,,,SQUAT:squat
661,,UNMODELED,,,
662,,UNMODELED,,,
663,,UNMODELED,,,
664,,UNMODELED,,,
665,,UNMODELED,,,
666,,NO_CAPABILITY_APPLICABLE,,,
667,,NO_CAPABILITY_APPLICABLE,,,
668,,NO_CAPABILITY_APPLICABLE,,,
669,,NO_CAPABILITY_APPLICABLE,,,
674,,NO_CAPABILITY_APPLICABLE,,,
676,,NO_CAPABILITY_APPLICABLE,,,
677,,NO_CAPABILITY_APPLICABLE,,,
679,,UNMODELED,,,
680,,NO_CAPABILITY_APPLICABLE,,,
681,,NO_CAPABILITY_APPLICABLE,,,
702,,NO_CAPABILITY_APPLICABLE,,,
703,,NO_CAPABILITY_APPLICABLE,,,
722,,NO_CAPABILITY_APPLICABLE,,,
723,,NO_CAPABILITY_APPLICABLE,,,
724,,UNMODELED,,,
725,,UNMODELED,,,
726,,UNMODELED,,,
727,,UNMODELED,,,
746,PULL_UP:SUPPORTED:HIGH,UNMODELED,,SUPPORTED assignment requires explicit module/configuration evidence.,SQUAT:squat
758,PULL_UP:DIRECT:EXPLICIT,UNMODELED,,,
760,PULL_UP:SUPPORTED:HIGH,UNMODELED,,SUPPORTED assignment requires explicit module/configuration evidence.,
761,,UNMODELED,,,SQUAT:squat
763,,UNMODELED,,,
764,,UNMODELED,,,
765,,UNMODELED,,,
766,,UNMODELED,,,
767,,UNMODELED,,,
768,,UNMODELED,,,
769,,UNMODELED,,,
772,,UNMODELED,,,
773,,UNMODELED,,,
774,,NO_CAPABILITY_APPLICABLE,,,
775,,UNMODELED,,,
776,,UNMODELED,,,
777,,UNMODELED,,,
779,,UNMODELED,,,
780,,UNMODELED,,,
781,,UNMODELED,,,
782,,NO_CAPABILITY_APPLICABLE,,,
783,,UNMODELED,,,
784,,UNMODELED,,,
785,DIP:DIRECT:EXPLICIT,UNMODELED,,,
786,DIP:DIRECT:EXPLICIT,UNMODELED,,,
787,,NO_CAPABILITY_APPLICABLE,,,
788,,NO_CAPABILITY_APPLICABLE,,,SQUAT:sentadilla
789,,UNMODELED,,,
790,,UNMODELED,,,
791,,NO_CAPABILITY_APPLICABLE,,,
792,,NO_CAPABILITY_APPLICABLE,,,
793,,NO_CAPABILITY_APPLICABLE,,,
794,,NO_CAPABILITY_APPLICABLE,,,
795,,NO_CAPABILITY_APPLICABLE,,,
796,,NO_CAPABILITY_APPLICABLE,,,
797,,UNMODELED,,,SQUAT:squat
798,,NO_CAPABILITY_APPLICABLE,,,
799,,NO_CAPABILITY_APPLICABLE,,,
800,,UNMODELED,,,
801,,UNMODELED,,,
802,,UNMODELED,,,
803,,UNMODELED,,,
804,,UNMODELED,,,
805,,UNMODELED,,,
806,,UNMODELED,,,
807,,NO_CAPABILITY_APPLICABLE,,,
808,,UNMODELED,,,
809,,NO_CAPABILITY_APPLICABLE,,,
810,,NO_CAPABILITY_APPLICABLE,,,
811,,NO_CAPABILITY_APPLICABLE,,,
812,,NO_CAPABILITY_APPLICABLE,,,
814,,NO_CAPABILITY_APPLICABLE,,,
815,,NO_CAPABILITY_APPLICABLE,,,
816,,NO_CAPABILITY_APPLICABLE,,,
817,,NO_CAPABILITY_APPLICABLE,,,
818,,NO_CAPABILITY_APPLICABLE,,,
819,,NO_CAPABILITY_APPLICABLE,,,
820,,NO_CAPABILITY_APPLICABLE,,,
821,,UNMODELED,,,
822,,UNMODELED,,,
823,,UNMODELED,,,
824,,UNMODELED,,,
825,,UNMODELED,,,
826,,UNMODELED,,,
827,,UNMODELED,,,
828,,UNMODELED,,,
829,,UNMODELED,,,
830,,UNMODELED,,,
831,,UNMODELED,,,
832,,UNMODELED,,,
833,,UNMODELED,,,
834,,UNMODELED,,,
835,,UNMODELED,,,
836,,UNMODELED,,,
837,,UNMODELED,,,
838,,UNMODELED,,,
839,,UNMODELED,,,
840,,UNMODELED,,,
841,,UNMODELED,,,
860,,NO_CAPABILITY_APPLICABLE,,,
861,,NO_CAPABILITY_APPLICABLE,,,
862,,UNMODELED,,,
863,,UNMODELED,,,
864,,UNMODELED,,,
865,,UNMODELED,,,
866,,UNMODELED,,,
867,,UNMODELED,,,
868,,UNMODELED,,,
869,,NO_CAPABILITY_APPLICABLE,,,
870,,UNMODELED,,,
871,,NO_CAPABILITY_APPLICABLE,,,
872,,NO_CAPABILITY_APPLICABLE,,,
873,,NO_CAPABILITY_APPLICABLE,,,
874,,UNMODELED,,,
876,,UNMODELED,,,
877,,UNMODELED,,,
878,,UNMODELED,,,
879,,UNMODELED,,,
880,,UNMODELED,,,
881,,UNMODELED,,,
882,,UNMODELED,,,
883,,UNMODELED,,,
884,,UNMODELED,,,
885,,UNMODELED,,,
886,PULL_UP:DIRECT:EXPLICIT,UNMODELED,,,
887,PULL_UP:SUPPORTED:HIGH,UNMODELED,,SUPPORTED assignment requires explicit module/configuration evidence.,
888,,NO_CAPABILITY_APPLICABLE,,,
889,,INSUFFICIENT_EVIDENCE,,,LEG_PRESS:leg press
890,,NO_CAPABILITY_APPLICABLE,,,
891,,NO_CAPABILITY_APPLICABLE,,,
892,,NO_CAPABILITY_APPLICABLE,,,
893,,NO_CAPABILITY_APPLICABLE,,,
894,,NO_CAPABILITY_APPLICABLE,,,
895,,NO_CAPABILITY_APPLICABLE,,,SQUAT:squat
896,,NO_CAPABILITY_APPLICABLE,,,
897,,NO_CAPABILITY_APPLICABLE,,,
898,,NO_CAPABILITY_APPLICABLE,,,
899,LAT_PULLDOWN:DIRECT:EXPLICIT,UNMODELED,,,
900,,UNMODELED,,,
901,,UNMODELED,,,
902,,UNMODELED,,,
903,,UNMODELED,,,
911,,UNMODELED,,,
912,,UNMODELED,,,
913,,UNMODELED,,,
914,,UNMODELED,,,
915,,UNMODELED,,,
917,,UNMODELED,,,
918,,UNMODELED,,,
919,,UNMODELED,,,
920,,NO_CAPABILITY_APPLICABLE,,,
921,,NO_CAPABILITY_APPLICABLE,,,
922,,NO_CAPABILITY_APPLICABLE,,,
923,,NO_CAPABILITY_APPLICABLE,,,
924,,NO_CAPABILITY_APPLICABLE,,,
925,,NO_CAPABILITY_APPLICABLE,,,
926,,UNMODELED,,,
927,,UNMODELED,,,
928,,UNMODELED,,,
929,,UNMODELED,,,
930,,NO_CAPABILITY_APPLICABLE,,,SQUAT:squat
931,,UNMODELED,,,
932,,UNMODELED,,,
933,ROW:DIRECT:EXPLICIT,UNMODELED,,,
934,DIP:DIRECT:EXPLICIT,UNMODELED,,,
935,,UNMODELED,,,
936,,UNMODELED,,,
937,,UNMODELED,,,
938,,UNMODELED,,,
939,,UNMODELED,,,
940,,UNMODELED,,,
941,,UNMODELED,,,
942,,UNMODELED,,,
944,,NO_CAPABILITY_APPLICABLE,,,
945,,UNMODELED,,,
946,,UNMODELED,,,
947,,UNMODELED,,,
948,,UNMODELED,,,
949,,UNMODELED,,,
950,,NO_CAPABILITY_APPLICABLE,,,
951,,NO_CAPABILITY_APPLICABLE,,,
952,,NO_CAPABILITY_APPLICABLE,,,
953,,NO_CAPABILITY_APPLICABLE,,,
954,,NO_CAPABILITY_APPLICABLE,,,
955,,NO_CAPABILITY_APPLICABLE,,,
956,,NO_CAPABILITY_APPLICABLE,,,
957,,NO_CAPABILITY_APPLICABLE,,,
961,,UNMODELED,,,
962,,UNMODELED,,,
963,,UNMODELED,,,
964,,UNMODELED,,,
965,,UNMODELED,,,
966,,NO_CAPABILITY_APPLICABLE,,,
967,,UNMODELED,,,
968,,UNMODELED,,,
969,,UNMODELED,,,
970,,UNMODELED,,,
971,,UNMODELED,,,
972,,UNMODELED,,,
973,PULL_UP:SUPPORTED:HIGH,UNMODELED,,SUPPORTED assignment requires explicit module/configuration evidence.,
974,,UNMODELED,,,
975,,UNMODELED,,,SQUAT:squat
976,,UNMODELED,,,
978,,UNMODELED,,,
979,,UNMODELED,,,
980,,UNMODELED,,,
981,,NO_CAPABILITY_APPLICABLE,,,
982,,UNMODELED,,,
983,,NO_CAPABILITY_APPLICABLE,,,
984,,UNMODELED,,,
985,,UNMODELED,,,
986,,UNMODELED,,,
987,,NO_CAPABILITY_APPLICABLE,,,
988,,NO_CAPABILITY_APPLICABLE,,,
989,,NO_CAPABILITY_APPLICABLE,,,
990,,INSUFFICIENT_EVIDENCE,,,
991,,INSUFFICIENT_EVIDENCE,,,
992,,UNMODELED,,,
993,,UNMODELED,,,
994,,UNMODELED,,,SQUAT:squat
995,,UNMODELED,,,
996,,UNMODELED,,,
997,,UNMODELED,,,
998,,UNMODELED,,,
999,,NO_CAPABILITY_APPLICABLE,,,
1000,,UNMODELED,,,
1001,,NO_CAPABILITY_APPLICABLE,,,
1002,,NO_CAPABILITY_APPLICABLE,,,
1004,,NO_CAPABILITY_APPLICABLE,,,
1005,,UNMODELED,,,
1008,,NO_CAPABILITY_APPLICABLE,,,
1009,,UNMODELED,,,
1010,,UNMODELED,,,
1020,,INSUFFICIENT_EVIDENCE,,,
1021,,UNMODELED,,,
1022,,NO_CAPABILITY_APPLICABLE,,,
1023,,INSUFFICIENT_EVIDENCE,,,
1024,,NO_CAPABILITY_APPLICABLE,,,
1025,LAT_PULLDOWN:DIRECT:EXPLICIT;ROW:DIRECT:EXPLICIT,UNMODELED,,,
1026,,NO_CAPABILITY_APPLICABLE,,,
1029,,UNMODELED,,,
1032,,UNMODELED,,,
1033,,UNMODELED,,,
1035,PULL_UP:DIRECT:EXPLICIT,UNMODELED,,,
1036,,NO_CAPABILITY_APPLICABLE,,,
1038,,UNMODELED,,,
1039,,UNMODELED,,,
1040,,UNMODELED,,,
1041,,UNMODELED,,,
1042,,UNMODELED,,,
1043,,UNMODELED,,,
1044,,UNMODELED,,,
1045,,UNMODELED,,,
1046,,UNMODELED,,,
1047,,UNMODELED,,,
1048,,UNMODELED,,,
1049,,UNMODELED,,,
1050,,UNMODELED,,,
1051,,UNMODELED,,,
1052,,UNMODELED,,,
1053,,UNMODELED,,,
1058,,UNMODELED,,,
1059,DIP:SUPPORTED:HIGH;PULL_UP:SUPPORTED:HIGH,UNMODELED,,SUPPORTED assignment requires explicit module/configuration evidence.,
1066,,UNMODELED,,,
1067,,UNMODELED,,,
1068,,UNMODELED,,,
1070,,INSUFFICIENT_EVIDENCE,,,LEG_PRESS:leg press
1071,,UNMODELED,,,SQUAT:squat
1072,HIP_THRUST:DIRECT:EXPLICIT,UNMODELED,,,
1073,,UNMODELED,,,
1074,,UNMODELED,,,
1075,,UNMODELED,,,
1076,,UNMODELED,,,
1077,,UNMODELED,,,
1083,,NO_CAPABILITY_APPLICABLE,,,
1084,,NO_CAPABILITY_APPLICABLE,,,
1085,,UNMODELED,,,
1087,,UNMODELED,,,
1088,,UNMODELED,,,SQUAT:squat
1090,,NO_CAPABILITY_APPLICABLE,,,
1091,,NO_CAPABILITY_APPLICABLE,,,
1112,,NO_CAPABILITY_APPLICABLE,,,SQUAT:sentadilla
1113,,UNMODELED,,,SQUAT:squat
1116,,UNMODELED,,,
1117,,NO_CAPABILITY_APPLICABLE,,,
1118,LEG_CURL:DIRECT:HIGH,UNMODELED,,,
1119,,NO_CAPABILITY_APPLICABLE,,,
1121,,UNMODELED,,,
1122,,UNMODELED,,,
1123,,UNMODELED,,,
1124,,NO_CAPABILITY_APPLICABLE,,,
1125,,NO_CAPABILITY_APPLICABLE,,,
1126,,UNMODELED,,,
1127,,NO_CAPABILITY_APPLICABLE,,,
1128,,UNMODELED,,,
1129,,NO_CAPABILITY_APPLICABLE,,,
1130,,NO_CAPABILITY_APPLICABLE,,,
1131,,NO_CAPABILITY_APPLICABLE,,,
1132,,NO_CAPABILITY_APPLICABLE,,,
1133,,NO_CAPABILITY_APPLICABLE,,,
1134,,NO_CAPABILITY_APPLICABLE,,,
1135,,NO_CAPABILITY_APPLICABLE,,,
1136,,NO_CAPABILITY_APPLICABLE,,,
1137,,UNMODELED,,,
1138,,UNMODELED,,,
1139,,UNMODELED,,,
1140,,UNMODELED,,,
1141,,UNMODELED,,,
1142,,UNMODELED,,,
1143,,UNMODELED,,,
1144,,UNMODELED,,,
1145,,UNMODELED,,,
1146,,UNMODELED,,,
1147,,UNMODELED,,,
1148,,UNMODELED,,,
1149,,NO_CAPABILITY_APPLICABLE,,,
1150,,NO_CAPABILITY_APPLICABLE,,,
1151,,UNMODELED,,,
1152,,UNMODELED,,,
1153,,UNMODELED,,,
1154,,NO_CAPABILITY_APPLICABLE,,,
1155,,NO_CAPABILITY_APPLICABLE,,,
1156,,UNMODELED,,,
1157,,UNMODELED,,,
1158,,UNMODELED,,,
1159,,UNMODELED,,,
1160,,UNMODELED,,,
1161,,UNMODELED,,,
1162,,INSUFFICIENT_EVIDENCE,,,
1163,,NO_CAPABILITY_APPLICABLE,,,
1164,,NO_CAPABILITY_APPLICABLE,,,
1165,,NO_CAPABILITY_APPLICABLE,,,
1166,,NO_CAPABILITY_APPLICABLE,,,
1167,,NO_CAPABILITY_APPLICABLE,,,
1168,,NO_CAPABILITY_APPLICABLE,,,
1169,,NO_CAPABILITY_APPLICABLE,,,
1170,,NO_CAPABILITY_APPLICABLE,,,
1171,,NO_CAPABILITY_APPLICABLE,,,
1172,,UNMODELED,,,
1173,,UNMODELED,,,
1174,,UNMODELED,,,
1175,,UNMODELED,,,
1176,,UNMODELED,,,
1177,,NO_CAPABILITY_APPLICABLE,,,
1178,,UNMODELED,,,
1179,,UNMODELED,,,
1180,,UNMODELED,,,
1181,,NO_CAPABILITY_APPLICABLE,,,
1182,,NO_CAPABILITY_APPLICABLE,,,
1183,,NO_CAPABILITY_APPLICABLE,,,
1184,,UNMODELED,,,
1185,,UNMODELED,,,
1186,,UNMODELED,,,
1187,,UNMODELED,,,
1188,,NO_CAPABILITY_APPLICABLE,,,
1189,,NO_CAPABILITY_APPLICABLE,,,
1190,,UNMODELED,,,
1191,,UNMODELED,,,
1192,,UNMODELED,,,
1193,PULL_UP:DIRECT:HIGH,UNMODELED,,,
1194,,NO_CAPABILITY_APPLICABLE,,,
1195,,NO_CAPABILITY_APPLICABLE,,,
1196,,NO_CAPABILITY_APPLICABLE,,,
1197,,NO_CAPABILITY_APPLICABLE,,,
1198,,NO_CAPABILITY_APPLICABLE,,,
1199,,NO_CAPABILITY_APPLICABLE,,,
1202,,NO_CAPABILITY_APPLICABLE,,,
1203,,NO_CAPABILITY_APPLICABLE,,,
1204,,NO_CAPABILITY_APPLICABLE,,,
1205,,NO_CAPABILITY_APPLICABLE,,,
1206,,NO_CAPABILITY_APPLICABLE,,,
1207,LAT_PULLDOWN:DIRECT:HIGH;ROW:DIRECT:HIGH,UNMODELED,,,
1208,,NO_CAPABILITY_APPLICABLE,,,
1209,,NO_CAPABILITY_APPLICABLE,,,
1210,,NO_CAPABILITY_APPLICABLE,,,
1211,,NO_CAPABILITY_APPLICABLE,,,
1212,,NO_CAPABILITY_APPLICABLE,,,
1213,,NO_CAPABILITY_APPLICABLE,,,
1214,,NO_CAPABILITY_APPLICABLE,,,
1215,,NO_CAPABILITY_APPLICABLE,,,
1216,,NO_CAPABILITY_APPLICABLE,,,
1217,,NO_CAPABILITY_APPLICABLE,,,
1218,,NO_CAPABILITY_APPLICABLE,,,
1219,,NO_CAPABILITY_APPLICABLE,,,
1220,,NO_CAPABILITY_APPLICABLE,,,
1221,,NO_CAPABILITY_APPLICABLE,,,
1222,,NO_CAPABILITY_APPLICABLE,,,
1223,,NO_CAPABILITY_APPLICABLE,,,
1224,,NO_CAPABILITY_APPLICABLE,,,
1225,,NO_CAPABILITY_APPLICABLE,,,
1226,HIP_THRUST:DIRECT:EXPLICIT,UNMODELED,,,
1227,,INSUFFICIENT_EVIDENCE,,,LEG_PRESS:leg press
1229,,UNMODELED,,,SQUAT:squat
1230,,UNMODELED,,,SQUAT:squat
1231,LEG_CURL:DIRECT:EXPLICIT,UNMODELED,,,
1232,LEG_EXTENSION:DIRECT:EXPLICIT,UNMODELED,,,
1234,HIP_THRUST:DIRECT:EXPLICIT,UNMODELED,,,
1236,,UNMODELED,,,
1237,,UNMODELED,,,
1238,,UNMODELED,,,
1239,,UNMODELED,,,
1240,,UNMODELED,,,
1241,,INSUFFICIENT_EVIDENCE,,,
1242,,UNMODELED,,,
1244,,UNMODELED,,,
1245,,UNMODELED,,,
1246,,UNMODELED,,,
1247,,UNMODELED,,,
1248,,UNMODELED,,,
1249,,UNMODELED,,,
1250,,UNMODELED,,,
1251,,UNMODELED,,,
1252,,UNMODELED,,,
1253,,UNMODELED,,,
1254,,UNMODELED,,,
1255,,UNMODELED,,,
1256,,NO_CAPABILITY_APPLICABLE,,,
1257,,NO_CAPABILITY_APPLICABLE,,,
1258,,NO_CAPABILITY_APPLICABLE,,,
1259,,NO_CAPABILITY_APPLICABLE,,,
1260,,NO_CAPABILITY_APPLICABLE,,,
1261,,NO_CAPABILITY_APPLICABLE,,,
1262,,UNMODELED,,,
1263,,UNMODELED,,,
1264,,UNMODELED,,,
1265,CHEST_PRESS:DIRECT:EXPLICIT,UNMODELED,,,
1266,,UNMODELED,,,
1267,LAT_PULLDOWN:DIRECT:EXPLICIT,UNMODELED,,,
1268,ROW:DIRECT:EXPLICIT,UNMODELED,,,
1269,LEG_EXTENSION:DIRECT:EXPLICIT,UNMODELED,,,
1270,,INSUFFICIENT_EVIDENCE,,,
1271,ADDUCTOR:DIRECT:EXPLICIT,UNMODELED,,,
1272,,UNMODELED,,,SQUAT:squat
1273,,UNMODELED,,,
1274,,UNMODELED,,,
1275,,UNMODELED,,,
1276,,NO_CAPABILITY_APPLICABLE,,,
1277,,NO_CAPABILITY_APPLICABLE,,,
1278,ABDUCTOR:DIRECT:EXPLICIT,UNMODELED,,,
1279,,NO_CAPABILITY_APPLICABLE,,,
1280,,NO_CAPABILITY_APPLICABLE,,,
1281,,NO_CAPABILITY_APPLICABLE,,,
1282,,NO_CAPABILITY_APPLICABLE,,,SQUAT:squat
1283,,NO_CAPABILITY_APPLICABLE,,,
1284,,UNMODELED,,,
1285,,NO_CAPABILITY_APPLICABLE,,,
1286,,NO_CAPABILITY_APPLICABLE,,,
1288,,UNMODELED,,,
1289,,UNMODELED,,,
1290,,UNMODELED,,,
1291,,UNMODELED,,,
1293,,UNMODELED,,,
1294,,NO_CAPABILITY_APPLICABLE,,,
1295,,UNMODELED,,,
1296,,UNMODELED,,,
1297,,UNMODELED,,,
1298,,NO_CAPABILITY_APPLICABLE,,,
1309,,NO_CAPABILITY_APPLICABLE,,,
1310,,NO_CAPABILITY_APPLICABLE,,,
1311,,NO_CAPABILITY_APPLICABLE,,,
1312,,NO_CAPABILITY_APPLICABLE,,,
1313,,NO_CAPABILITY_APPLICABLE,,,
1314,,NO_CAPABILITY_APPLICABLE,,,
1315,,NO_CAPABILITY_APPLICABLE,,,
1316,,NO_CAPABILITY_APPLICABLE,,,
1317,,NO_CAPABILITY_APPLICABLE,,,
1318,,NO_CAPABILITY_APPLICABLE,,,
1319,,NO_CAPABILITY_APPLICABLE,,,
1321,,UNMODELED,,,
1322,,NO_CAPABILITY_APPLICABLE,,,
1323,,NO_CAPABILITY_APPLICABLE,,,
1324,,NO_CAPABILITY_APPLICABLE,,,
1325,,UNMODELED,,,
1330,,UNMODELED,,,
1331,,NO_CAPABILITY_APPLICABLE,,,
1332,,NO_CAPABILITY_APPLICABLE,,,
1333,,NO_CAPABILITY_APPLICABLE,,,
1334,,NO_CAPABILITY_APPLICABLE,,,
1335,,UNMODELED,,,
1336,,UNMODELED,,,
1337,HIP_THRUST:DIRECT:EXPLICIT,UNMODELED,,,
1338,,NO_CAPABILITY_APPLICABLE,,,
1339,,NO_CAPABILITY_APPLICABLE,,,
1340,,NO_CAPABILITY_APPLICABLE,,,
1341,,NO_CAPABILITY_APPLICABLE,,,
1343,,NO_CAPABILITY_APPLICABLE,,,
1344,,NO_CAPABILITY_APPLICABLE,,,
1345,,NO_CAPABILITY_APPLICABLE,,,
1346,,NO_CAPABILITY_APPLICABLE,,,
1347,,NO_CAPABILITY_APPLICABLE,,,
1348,,NO_CAPABILITY_APPLICABLE,,,
1349,,NO_CAPABILITY_APPLICABLE,,,
1350,,NO_CAPABILITY_APPLICABLE,,,
1351,,NO_CAPABILITY_APPLICABLE,,,
1352,,NO_CAPABILITY_APPLICABLE,,,
1353,,NO_CAPABILITY_APPLICABLE,,,
1354,,UNMODELED,,,DEADLIFT:deadlift
1355,,UNMODELED,,,
1356,,UNMODELED,,,
1357,,UNMODELED,,,
1358,,UNMODELED,,,
1359,,UNMODELED,,,
1360,CHEST_PRESS:DIRECT:EXPLICIT,UNMODELED,,,
1361,LAT_PULLDOWN:DIRECT:EXPLICIT,UNMODELED,,,
1362,SHOULDER_PRESS:DIRECT:EXPLICIT,UNMODELED,,,
1363,ROW:DIRECT:EXPLICIT,UNMODELED,,,
1364,CHEST_PRESS:DIRECT:EXPLICIT,UNMODELED,,,
1365,LAT_PULLDOWN:DIRECT:EXPLICIT,UNMODELED,,,
1366,ROW:DIRECT:EXPLICIT,UNMODELED,,,
1367,SHOULDER_PRESS:DIRECT:EXPLICIT,UNMODELED,,,
1368,,UNMODELED,,,
1369,,UNMODELED,,,
1370,,UNMODELED,,,
1371,,UNMODELED,,,
1372,LEG_EXTENSION:DIRECT:EXPLICIT,UNMODELED,,,
1373,LEG_CURL:DIRECT:EXPLICIT,UNMODELED,,,
1374,LEG_CURL:DIRECT:EXPLICIT,UNMODELED,,,
1375,ABDUCTOR:DIRECT:EXPLICIT,UNMODELED,,,
1376,ADDUCTOR:DIRECT:EXPLICIT,UNMODELED,,,
1377,,UNMODELED,,,
1378,,INSUFFICIENT_EVIDENCE,,,LEG_PRESS:leg press
1379,,UNMODELED,,,
1380,,UNMODELED,,,
1381,LEG_CURL:DIRECT:EXPLICIT,UNMODELED,,,
1382,ABDUCTOR:DIRECT:EXPLICIT;ADDUCTOR:DIRECT:EXPLICIT,UNMODELED,,,
1383,ABDUCTOR:DIRECT:EXPLICIT,UNMODELED,,,
1384,,UNMODELED,,,GLUTE_KICKBACK:patada de gluteo
1385,LEG_CURL:DIRECT:EXPLICIT,UNMODELED,,,
1386,,UNMODELED,,,
1387,,UNMODELED,,,
1388,,UNMODELED,,,
1389,,UNMODELED,,,
1390,,UNMODELED,,,
1391,,UNMODELED,,,
1393,,NO_CAPABILITY_APPLICABLE,,,
1394,,NO_CAPABILITY_APPLICABLE,,,
1395,,UNMODELED,,,
1396,,UNMODELED,,,
1397,,UNMODELED,,,
1401,,UNMODELED,,,SQUAT:squat
1402,,UNMODELED,,,
1403,,UNMODELED,,,
1404,,UNMODELED,,,
1406,,UNMODELED,,,
1407,,UNMODELED,,,
1408,,UNMODELED,,,
1409,,UNMODELED,,,
1410,,UNMODELED,,,
1411,,UNMODELED,,,SQUAT:squat
1412,,UNMODELED,,,
1413,,UNMODELED,,,
1414,,UNMODELED,,,
1415,,NO_CAPABILITY_APPLICABLE,,,
1416,,NO_CAPABILITY_APPLICABLE,,,
1417,,NO_CAPABILITY_APPLICABLE,,,
1418,,NO_CAPABILITY_APPLICABLE,,,
1419,,NO_CAPABILITY_APPLICABLE,,,
1420,,NO_CAPABILITY_APPLICABLE,,,
1421,,NO_CAPABILITY_APPLICABLE,,,
1422,,NO_CAPABILITY_APPLICABLE,,,
1423,,NO_CAPABILITY_APPLICABLE,,,
1424,,NO_CAPABILITY_APPLICABLE,,,
1425,,NO_CAPABILITY_APPLICABLE,,,
1426,,NO_CAPABILITY_APPLICABLE,,,
1427,,INSUFFICIENT_EVIDENCE,,,
1429,,UNMODELED,,,
1430,,UNMODELED,,,
1431,,UNMODELED,,,
1432,,NO_CAPABILITY_APPLICABLE,,,
1433,,NO_CAPABILITY_APPLICABLE,,,
1435,,UNMODELED,,,
1436,,UNMODELED,,,
1437,,UNMODELED,,,
1438,,UNMODELED,,,
1439,,UNMODELED,,,
1440,,UNMODELED,,,
1441,,UNMODELED,,,
1442,,UNMODELED,,,
1443,,UNMODELED,,,
1444,LAT_PULLDOWN:DIRECT:HIGH;ROW:DIRECT:HIGH,UNMODELED,,,
1445,LAT_PULLDOWN:DIRECT:HIGH;ROW:DIRECT:HIGH,UNMODELED,,,
1446,,NO_CAPABILITY_APPLICABLE,,,
1447,,NO_CAPABILITY_APPLICABLE,,,
1448,,NO_CAPABILITY_APPLICABLE,,,
1449,LEG_CURL:DIRECT:HIGH,UNMODELED,,,
1450,,UNMODELED,,,
1451,,UNMODELED,,,
1452,DIP:DIRECT:EXPLICIT,UNMODELED,,,
1453,DIP:DIRECT:EXPLICIT,UNMODELED,,,
1454,DIP:DIRECT:EXPLICIT,UNMODELED,,,
1455,,UNMODELED,,,
1457,,UNMODELED,,,
1458,,UNMODELED,,,
1459,,UNMODELED,,,
1460,,UNMODELED,,,
1461,,UNMODELED,,,
1486,,UNMODELED,,,
1487,,UNMODELED,,,
1489,,UNMODELED,,,
1490,,NO_CAPABILITY_APPLICABLE,,,
1491,,NO_CAPABILITY_APPLICABLE,,,
1492,,NO_CAPABILITY_APPLICABLE,,,
1493,,NO_CAPABILITY_APPLICABLE,,,
1494,,NO_CAPABILITY_APPLICABLE,,,
1496,,NO_CAPABILITY_APPLICABLE,,,
1497,,NO_CAPABILITY_APPLICABLE,,,
1498,,NO_CAPABILITY_APPLICABLE,,,
1499,,NO_CAPABILITY_APPLICABLE,,,
1500,SHOULDER_PRESS:DIRECT:EXPLICIT,UNMODELED,,,
1501,PULL_UP:SUPPORTED:EXPLICIT,UNMODELED,,SUPPORTED assignment requires explicit module/configuration evidence.,
1502,LEG_CURL:DIRECT:EXPLICIT,UNMODELED,,,
1503,ROW:DIRECT:EXPLICIT,UNMODELED,,,
1504,,INSUFFICIENT_EVIDENCE,,,
1505,ABDUCTOR:DIRECT:EXPLICIT;ADDUCTOR:DIRECT:EXPLICIT,UNMODELED,,,
1506,LAT_PULLDOWN:DIRECT:EXPLICIT;ROW:DIRECT:EXPLICIT,UNMODELED,,,
1507,,UNMODELED,,,
1508,,INSUFFICIENT_EVIDENCE,,,
1509,,UNMODELED,,,
1510,,NO_CAPABILITY_APPLICABLE,,,
1511,,UNMODELED,,,
1512,,UNMODELED,,,SQUAT:squat
1513,,NO_CAPABILITY_APPLICABLE,,,
1514,,NO_CAPABILITY_APPLICABLE,,,
1515,,NO_CAPABILITY_APPLICABLE,,,SQUAT:squat
1516,,INSUFFICIENT_EVIDENCE,,,
1517,,INSUFFICIENT_EVIDENCE,,,
1518,,UNMODELED,,,
1519,,UNMODELED,,,
1520,,UNMODELED,,,
1521,,UNMODELED,,,
1522,,UNMODELED,,,
1523,,UNMODELED,,,
1524,,UNMODELED,,,
1525,,UNMODELED,,,
1526,,UNMODELED,,,
1527,,UNMODELED,,,
1528,,NO_CAPABILITY_APPLICABLE,,,
1529,,NO_CAPABILITY_APPLICABLE,,,
1530,,NO_CAPABILITY_APPLICABLE,,,
1531,,UNMODELED,,,
1532,,UNMODELED,,,
1533,,NO_CAPABILITY_APPLICABLE,,,
1535,,UNMODELED,,,
1536,,UNMODELED,,,SQUAT:squat
1537,PULL_UP:SUPPORTED:HIGH,UNMODELED,,SUPPORTED assignment requires explicit module/configuration evidence.,
1538,PULL_UP:SUPPORTED:HIGH,UNMODELED,,SUPPORTED assignment requires explicit module/configuration evidence.,
1539,,UNMODELED,,,
1540,,UNMODELED,,,SQUAT:squat
1541,PULL_UP:SUPPORTED:HIGH,UNMODELED,,SUPPORTED assignment requires explicit module/configuration evidence.,
1543,DIP:SUPPORTED:HIGH;PULL_UP:SUPPORTED:HIGH,UNMODELED,,SUPPORTED assignment requires explicit module/configuration evidence.,
1544,,UNMODELED,,,
1545,,UNMODELED,,,SQUAT:squat
1546,PULL_UP:SUPPORTED:HIGH,UNMODELED,,SUPPORTED assignment requires explicit module/configuration evidence.,
1547,PULL_UP:SUPPORTED:HIGH,UNMODELED,,SUPPORTED assignment requires explicit module/configuration evidence.,
1548,,NO_CAPABILITY_APPLICABLE,,,
1549,,NO_CAPABILITY_APPLICABLE,,,
1550,,NO_CAPABILITY_APPLICABLE,,,
1551,LEG_CURL:DIRECT:EXPLICIT,UNMODELED,,,
1552,,NO_CAPABILITY_APPLICABLE,,,
1578,,UNMODELED,,,
1581,,NO_CAPABILITY_APPLICABLE,,,
1582,,NO_CAPABILITY_APPLICABLE,,,
1583,,NO_CAPABILITY_APPLICABLE,,,
1584,,NO_CAPABILITY_APPLICABLE,,,
1585,,NO_CAPABILITY_APPLICABLE,,,
1586,,NO_CAPABILITY_APPLICABLE,,,
1587,,NO_CAPABILITY_APPLICABLE,,,
1588,,NO_CAPABILITY_APPLICABLE,,,
1589,,NO_CAPABILITY_APPLICABLE,,,
1590,,NO_CAPABILITY_APPLICABLE,,,
1591,,NO_CAPABILITY_APPLICABLE,,,
1592,,NO_CAPABILITY_APPLICABLE,,,
1593,,NO_CAPABILITY_APPLICABLE,,,
1594,,NO_CAPABILITY_APPLICABLE,,,
1595,,NO_CAPABILITY_APPLICABLE,,,
1596,,NO_CAPABILITY_APPLICABLE,,,
1597,,NO_CAPABILITY_APPLICABLE,,,
1598,,NO_CAPABILITY_APPLICABLE,,,
1599,,NO_CAPABILITY_APPLICABLE,,,
1600,,NO_CAPABILITY_APPLICABLE,,,
1601,,NO_CAPABILITY_APPLICABLE,,,
1602,,NO_CAPABILITY_APPLICABLE,,,
1604,,UNMODELED,,,
1605,,NO_CAPABILITY_APPLICABLE,,,
1606,,NO_CAPABILITY_APPLICABLE,,,
1607,,NO_CAPABILITY_APPLICABLE,,,
1608,,NO_CAPABILITY_APPLICABLE,,,
1609,,NO_CAPABILITY_APPLICABLE,,,
1610,,NO_CAPABILITY_APPLICABLE,,,
1611,,NO_CAPABILITY_APPLICABLE,,,
1612,,NO_CAPABILITY_APPLICABLE,,,
1613,,NO_CAPABILITY_APPLICABLE,,,
1614,,NO_CAPABILITY_APPLICABLE,,,
1615,,NO_CAPABILITY_APPLICABLE,,,
1616,,NO_CAPABILITY_APPLICABLE,,,
1617,,UNMODELED,,,
1618,,UNMODELED,,,
1619,LEG_CURL:DIRECT:EXPLICIT;LEG_EXTENSION:DIRECT:HIGH,UNMODELED,,,
1620,ABDUCTOR:DIRECT:EXPLICIT;ADDUCTOR:DIRECT:EXPLICIT,UNMODELED,,,
1621,,UNMODELED,,,
1622,LAT_PULLDOWN:DIRECT:HIGH;LEG_EXTENSION:DIRECT:HIGH,UNMODELED,,,
1623,LEG_EXTENSION:DIRECT:HIGH,UNMODELED,,,
1645,,NO_CAPABILITY_APPLICABLE,,,
1646,,NO_CAPABILITY_APPLICABLE,,,
1647,,NO_CAPABILITY_APPLICABLE,,,
1648,,NO_CAPABILITY_APPLICABLE,,,
1649,,UNMODELED,,,
1651,,NO_CAPABILITY_APPLICABLE,,,
1652,,NO_CAPABILITY_APPLICABLE,,,SQUAT:squat
1653,HIP_THRUST:DIRECT:EXPLICIT,UNMODELED,,,
1654,,UNMODELED,,,SQUAT:squat
1655,,UNMODELED,,,
1656,LEG_EXTENSION:DIRECT:EXPLICIT,UNMODELED,,,
1657,LEG_CURL:DIRECT:EXPLICIT,UNMODELED,,,
1658,,UNMODELED,,,
1659,HIP_THRUST:DIRECT:EXPLICIT,UNMODELED,,,
1660,,UNMODELED,,,
1661,,UNMODELED,,,
1662,,UNMODELED,,,
1663,,UNMODELED,,,
1664,,UNMODELED,,,
1665,,NO_CAPABILITY_APPLICABLE,,,
1666,,NO_CAPABILITY_APPLICABLE,,,
1667,,NO_CAPABILITY_APPLICABLE,,,
1668,,NO_CAPABILITY_APPLICABLE,,,
1669,,NO_CAPABILITY_APPLICABLE,,,
1670,,NO_CAPABILITY_APPLICABLE,,,
1671,,NO_CAPABILITY_APPLICABLE,,,
1672,,NO_CAPABILITY_APPLICABLE,,,
1673,,NO_CAPABILITY_APPLICABLE,,,
1674,,NO_CAPABILITY_APPLICABLE,,,
1675,,NO_CAPABILITY_APPLICABLE,,,
1676,,NO_CAPABILITY_APPLICABLE,,,
1677,,NO_CAPABILITY_APPLICABLE,,,
1678,,NO_CAPABILITY_APPLICABLE,,,
1679,,NO_CAPABILITY_APPLICABLE,,,
1680,,NO_CAPABILITY_APPLICABLE,,,
1681,,NO_CAPABILITY_APPLICABLE,,,
1682,,NO_CAPABILITY_APPLICABLE,,,
1683,,NO_CAPABILITY_APPLICABLE,,,
1684,,NO_CAPABILITY_APPLICABLE,,,
1685,,NO_CAPABILITY_APPLICABLE,,,
1686,,NO_CAPABILITY_APPLICABLE,,,
1687,,NO_CAPABILITY_APPLICABLE,,,
1688,,NO_CAPABILITY_APPLICABLE,,,
1689,,NO_CAPABILITY_APPLICABLE,,,
1690,,NO_CAPABILITY_APPLICABLE,,,
1691,,NO_CAPABILITY_APPLICABLE,,,
1705,PULL_UP:DIRECT:EXPLICIT,UNMODELED,,,
1706,,NO_CAPABILITY_APPLICABLE,,,
1707,DIP:SUPPORTED:EXPLICIT,UNMODELED,,SUPPORTED assignment requires explicit module/configuration evidence.,SQUAT:squat
1708,,UNMODELED,,,
1734,,NO_CAPABILITY_APPLICABLE,,,
1739,,NO_CAPABILITY_APPLICABLE,,,
1751,,NO_CAPABILITY_APPLICABLE,,,
1752,,NO_CAPABILITY_APPLICABLE,,,
1753,,NO_CAPABILITY_APPLICABLE,,,
1754,,NO_CAPABILITY_APPLICABLE,,,
1755,,NO_CAPABILITY_APPLICABLE,,,
1756,,NO_CAPABILITY_APPLICABLE,,,
1757,,NO_CAPABILITY_APPLICABLE,,,
1758,,NO_CAPABILITY_APPLICABLE,,,
1759,,NO_CAPABILITY_APPLICABLE,,,
1760,,NO_CAPABILITY_APPLICABLE,,,
1761,,NO_CAPABILITY_APPLICABLE,,,
1762,,NO_CAPABILITY_APPLICABLE,,,
1763,,NO_CAPABILITY_APPLICABLE,,,
1764,,NO_CAPABILITY_APPLICABLE,,,
1765,,NO_CAPABILITY_APPLICABLE,,,
1778,,NO_CAPABILITY_APPLICABLE,,,
1779,,NO_CAPABILITY_APPLICABLE,,,
1781,,UNMODELED,,,
1792,,UNMODELED,,,
1793,,UNMODELED,,,
1794,,UNMODELED,,,
1795,,UNMODELED,,,
1796,,UNMODELED,,,SQUAT:squat
1797,,UNMODELED,,,SQUAT:squat
1798,,UNMODELED,,,SQUAT:squat
1800,,UNMODELED,,,
1801,,UNMODELED,,,
1802,,UNMODELED,,,
1803,,UNMODELED,,,
1804,,UNMODELED,,,
1805,,UNMODELED,,,
1806,,UNMODELED,,,
1807,,NO_CAPABILITY_APPLICABLE,,,
1808,,NO_CAPABILITY_APPLICABLE,,,
1809,,NO_CAPABILITY_APPLICABLE,,,
1810,,NO_CAPABILITY_APPLICABLE,,,
1811,,NO_CAPABILITY_APPLICABLE,,,
1812,,NO_CAPABILITY_APPLICABLE,,,
1813,,NO_CAPABILITY_APPLICABLE,,,
1814,,NO_CAPABILITY_APPLICABLE,,,
1815,,NO_CAPABILITY_APPLICABLE,,,
1816,,NO_CAPABILITY_APPLICABLE,,,
1817,,NO_CAPABILITY_APPLICABLE,,,
1818,,UNMODELED,,,
1819,,UNMODELED,,,
1820,,UNMODELED,,,
1821,,UNMODELED,,,
1822,,UNMODELED,,,
1823,,INSUFFICIENT_EVIDENCE,,,
1824,,NO_CAPABILITY_APPLICABLE,,,
1825,,NO_CAPABILITY_APPLICABLE,,,SQUAT:sentadilla
1826,,UNMODELED,,,
1827,,UNMODELED,,,
1828,,UNMODELED,,,
1829,,UNMODELED,,,
1830,,UNMODELED,,,
1831,,UNMODELED,,,
1832,,NO_CAPABILITY_APPLICABLE,,,BICEPS_CURL:biceps curl
1833,,NO_CAPABILITY_APPLICABLE,,,
1834,,NO_CAPABILITY_APPLICABLE,,,
1835,,NO_CAPABILITY_APPLICABLE,,,
1836,,NO_CAPABILITY_APPLICABLE,,,
1837,,NO_CAPABILITY_APPLICABLE,,,
1838,,NO_CAPABILITY_APPLICABLE,,,
1839,,UNMODELED,,,
1840,,UNMODELED,,,
1841,,UNMODELED,,,
1842,,UNMODELED,,,
1843,,UNMODELED,,,
1844,,UNMODELED,,,
1845,,UNMODELED,,,
1846,,UNMODELED,,,
1847,,UNMODELED,,,
1848,,UNMODELED,,,
1849,,UNMODELED,,,
1850,,UNMODELED,,,
1851,,UNMODELED,,,
1852,,NO_CAPABILITY_APPLICABLE,,,
1853,,UNMODELED,,,
1854,,UNMODELED,,,
1855,,UNMODELED,,,
1856,DIP:DIRECT:EXPLICIT;PULL_UP:DIRECT:HIGH,UNMODELED,,,
1857,,UNMODELED,,,
1858,PULL_UP:DIRECT:EXPLICIT,UNMODELED,,,
1859,,UNMODELED,,,
1860,,UNMODELED,,,
1861,,UNMODELED,,,
1862,PULL_UP:SUPPORTED:HIGH,UNMODELED,,SUPPORTED assignment requires explicit module/configuration evidence.,
1863,,NO_CAPABILITY_APPLICABLE,,,
1867,,NO_CAPABILITY_APPLICABLE,,,
1868,,NO_CAPABILITY_APPLICABLE,,,
1873,,NO_CAPABILITY_APPLICABLE,,,BICEPS_CURL:biceps curl
1874,,NO_CAPABILITY_APPLICABLE,,,
1875,,NO_CAPABILITY_APPLICABLE,,,
1876,,NO_CAPABILITY_APPLICABLE,,,
1877,,NO_CAPABILITY_APPLICABLE,,,
1878,,NO_CAPABILITY_APPLICABLE,,,
1879,,NO_CAPABILITY_APPLICABLE,,,
1880,,UNMODELED,,,
1881,,UNMODELED,,,
1883,,NO_CAPABILITY_APPLICABLE,,,
1884,,UNMODELED,,,SQUAT:squat
1885,ROW:DIRECT:EXPLICIT,UNMODELED,,,
1886,,UNMODELED,,,
1887,LAT_PULLDOWN:DIRECT:EXPLICIT;ROW:DIRECT:EXPLICIT,UNMODELED,,,
1888,,NO_CAPABILITY_APPLICABLE,,,
1918,,UNMODELED,,,
1919,,NO_CAPABILITY_APPLICABLE,,,
1920,,NO_CAPABILITY_APPLICABLE,,,
1921,,UNMODELED,,,
1922,,UNMODELED,,,
1925,,UNMODELED,,,
1926,,UNMODELED,,,
1927,,UNMODELED,,,
1928,,UNMODELED,,,
1929,,UNMODELED,,,
1930,,UNMODELED,,,
1931,,UNMODELED,,,
1932,,UNMODELED,,,
1933,,NO_CAPABILITY_APPLICABLE,,,
1934,,NO_CAPABILITY_APPLICABLE,,,
1935,,UNMODELED,,,
1936,,UNMODELED,,,
1937,,UNMODELED,,,
1938,,UNMODELED,,,
1939,,NO_CAPABILITY_APPLICABLE,,,
1941,,NO_CAPABILITY_APPLICABLE,,,
1942,,NO_CAPABILITY_APPLICABLE,,,
1943,,NO_CAPABILITY_APPLICABLE,,,
1944,,UNMODELED,,,
1945,,UNMODELED,,,
1946,,UNMODELED,,,
1947,,UNMODELED,,,
1948,,UNMODELED,,,
1973,,NO_CAPABILITY_APPLICABLE,,,
1974,,UNMODELED,,,
1994,,UNMODELED,,,
1995,,NO_CAPABILITY_APPLICABLE,,,
1996,,NO_CAPABILITY_APPLICABLE,,,
1997,,NO_CAPABILITY_APPLICABLE,,,
1998,,NO_CAPABILITY_APPLICABLE,,,
1999,,NO_CAPABILITY_APPLICABLE,,,
2000,,NO_CAPABILITY_APPLICABLE,,,
2001,,NO_CAPABILITY_APPLICABLE,,,
2002,,NO_CAPABILITY_APPLICABLE,,,
2003,,NO_CAPABILITY_APPLICABLE,,,
2004,,NO_CAPABILITY_APPLICABLE,,,
2005,,NO_CAPABILITY_APPLICABLE,,,
2006,,NO_CAPABILITY_APPLICABLE,,,
2007,,NO_CAPABILITY_APPLICABLE,,,
2008,,NO_CAPABILITY_APPLICABLE,,,
2009,,NO_CAPABILITY_APPLICABLE,,,
2014,,NO_CAPABILITY_APPLICABLE,,,
2015,,NO_CAPABILITY_APPLICABLE,,,
2016,,NO_CAPABILITY_APPLICABLE,,,
2017,,NO_CAPABILITY_APPLICABLE,,,
2018,,UNMODELED,,,
2019,,UNMODELED,,,SQUAT:squat
2020,HIP_THRUST:DIRECT:EXPLICIT,UNMODELED,,,
2021,,UNMODELED,,,SQUAT:squat
2022,,UNMODELED,,,
2023,ABDUCTOR:DIRECT:EXPLICIT,UNMODELED,,,
2024,HIP_THRUST:DIRECT:EXPLICIT,UNMODELED,,,
2025,,INSUFFICIENT_EVIDENCE,,,
2026,,UNMODELED,,,
2051,,UNMODELED,,,
2052,,NO_CAPABILITY_APPLICABLE,,,
2053,,UNMODELED,,,
2054,,UNMODELED,,,
2055,,UNMODELED,,,
2056,,UNMODELED,,,
2057,,UNMODELED,,,
2058,DIP:SUPPORTED:HIGH;PULL_UP:SUPPORTED:HIGH,UNMODELED,,SUPPORTED assignment requires explicit module/configuration evidence.,
2059,,UNMODELED,,,
2061,,NO_CAPABILITY_APPLICABLE,,,
2068,,UNMODELED,,,
2069,LEG_EXTENSION:DIRECT:EXPLICIT,UNMODELED,,,
2070,,NO_CAPABILITY_APPLICABLE,,,
2083,,NO_CAPABILITY_APPLICABLE,,,
2085,,NO_CAPABILITY_APPLICABLE,,,
2088,HIP_THRUST:DIRECT:EXPLICIT,UNMODELED,,,
2089,,UNMODELED,,,
2090,,UNMODELED,,,
2091,,UNMODELED,,,
2092,,UNMODELED,,,
2094,,NO_CAPABILITY_APPLICABLE,,,
2095,,NO_CAPABILITY_APPLICABLE,,,
2096,,NO_CAPABILITY_APPLICABLE,,,
2097,,NO_CAPABILITY_APPLICABLE,,,
2098,,NO_CAPABILITY_APPLICABLE,,,
2099,,NO_CAPABILITY_APPLICABLE,,,
2100,,NO_CAPABILITY_APPLICABLE,,,
2111,,UNMODELED,,,
2112,,NO_CAPABILITY_APPLICABLE,,,
2113,,UNMODELED,,,
2114,,UNMODELED,,,
2115,,UNMODELED,,,
2116,,UNMODELED,,,
2117,,UNMODELED,,,
2118,,UNMODELED,,,
2119,,UNMODELED,,,
2120,,UNMODELED,,,
2121,,UNMODELED,,,
2122,,UNMODELED,,,
2123,,UNMODELED,,,
2124,,UNMODELED,,,
2125,,NO_CAPABILITY_APPLICABLE,,,
2126,,UNMODELED,,,
2127,,UNMODELED,,,
2128,,UNMODELED,,,
2132,,UNMODELED,,,
2133,,UNMODELED,,,
2134,,UNMODELED,,,
2139,,INSUFFICIENT_EVIDENCE,,,
2140,HIP_THRUST:DIRECT:EXPLICIT,UNMODELED,,,
2141,HIP_THRUST:DIRECT:EXPLICIT,UNMODELED,,,
2142,LAT_PULLDOWN:DIRECT:EXPLICIT;ROW:DIRECT:EXPLICIT,UNMODELED,,,
2143,HIP_THRUST:DIRECT:EXPLICIT,UNMODELED,,,
2164,,UNMODELED,,,
2165,,UNMODELED,,,
2166,,UNMODELED,,,
2167,,UNMODELED,,,
2176,,NO_CAPABILITY_APPLICABLE,,,
2182,PULL_UP:SUPPORTED:HIGH,UNMODELED,,SUPPORTED assignment requires explicit module/configuration evidence.,
2186,,NO_CAPABILITY_APPLICABLE,,,
2187,,UNMODELED,,,
2188,,UNMODELED,,,
2194,,UNMODELED,,,
2195,,NO_CAPABILITY_APPLICABLE,,,
2201,,NO_CAPABILITY_APPLICABLE,,,
2203,,INSUFFICIENT_EVIDENCE,,,
2239,,UNMODELED,,,
2242,,NO_CAPABILITY_APPLICABLE,,,
2243,,NO_CAPABILITY_APPLICABLE,,,
2244,,NO_CAPABILITY_APPLICABLE,,,
2245,,NO_CAPABILITY_APPLICABLE,,,
2246,,NO_CAPABILITY_APPLICABLE,,,
2247,,NO_CAPABILITY_APPLICABLE,,,
2248,,NO_CAPABILITY_APPLICABLE,,,
2261,,UNMODELED,,,
2262,,UNMODELED,,,
2263,,NO_CAPABILITY_APPLICABLE,,,
2264,,NO_CAPABILITY_APPLICABLE,,,
2265,,UNMODELED,,,
2266,,UNMODELED,,,
2267,,UNMODELED,,,
2268,,NO_CAPABILITY_APPLICABLE,,,
2274,,NO_CAPABILITY_APPLICABLE,,,
2290,,UNMODELED,,,
2291,,NO_CAPABILITY_APPLICABLE,,,
2295,,UNMODELED,,,
2296,,UNMODELED,,,
2297,,UNMODELED,,,
2300,LAT_PULLDOWN:DIRECT:EXPLICIT,UNMODELED,,,
2301,LEG_CURL:DIRECT:EXPLICIT,UNMODELED,,,
2302,HIP_THRUST:DIRECT:EXPLICIT,UNMODELED,,,
2303,,NO_CAPABILITY_APPLICABLE,,,SQUAT:sentadilla
2304,,UNMODELED,,,
2305,,NO_CAPABILITY_APPLICABLE,,,
2306,,NO_CAPABILITY_APPLICABLE,,,
55,,UNMODELED,,,
72,,UNMODELED,,,
73,,UNMODELED,,,
332,,UNMODELED,,,
335,,NO_CAPABILITY_APPLICABLE,,,
370,,NO_CAPABILITY_APPLICABLE,,,
397,,UNMODELED,,,
408,,NO_CAPABILITY_APPLICABLE,,,
428,,UNMODELED,,,
657,,UNMODELED,,,
670,,UNMODELED,,,
671,,UNMODELED,,,
672,,UNMODELED,,,
673,,UNMODELED,,,
683,,UNMODELED,,,
684,,UNMODELED,,,
685,,UNMODELED,,,
686,,UNMODELED,,,
688,,UNMODELED,,,
711,,UNMODELED,,,
732,,NO_CAPABILITY_APPLICABLE,,,
744,,UNMODELED,,,
916,,UNMODELED,,,
1011,,INSUFFICIENT_EVIDENCE,,,LEG_PRESS:leg press
1014,,UNMODELED,,,
1015,,UNMODELED,,,
1016,,UNMODELED,,,
1019,,UNMODELED,,,
1030,,UNMODELED,,,
1055,,NO_CAPABILITY_APPLICABLE,,,
1057,,UNMODELED,,,
1060,,UNMODELED,,,
1061,,NO_CAPABILITY_APPLICABLE,,,
1062,,NO_CAPABILITY_APPLICABLE,,,
1063,,UNMODELED,,,
1065,PULL_UP:DIRECT:EXPLICIT,UNMODELED,,,
1078,,UNMODELED,,,
1079,,NO_CAPABILITY_APPLICABLE,,,
1080,,UNMODELED,,,SQUAT:squat
1081,,UNMODELED,,,
1089,,NO_CAPABILITY_APPLICABLE,,,
1092,,UNMODELED,,,
1093,,UNMODELED,,,
1094,,NO_CAPABILITY_APPLICABLE,,,
1095,,NO_CAPABILITY_APPLICABLE,,,
1096,,NO_CAPABILITY_APPLICABLE,,,
1097,,UNMODELED,,,
1098,,UNMODELED,,,
1099,,UNMODELED,,,
1100,,UNMODELED,,,
1101,,UNMODELED,,,
1102,,NO_CAPABILITY_APPLICABLE,,,
1103,,NO_CAPABILITY_APPLICABLE,,,
1104,,NO_CAPABILITY_APPLICABLE,,,
1105,,NO_CAPABILITY_APPLICABLE,,,
1106,,NO_CAPABILITY_APPLICABLE,,,
1107,,UNMODELED,,,
1108,,NO_CAPABILITY_APPLICABLE,,,
1109,,UNMODELED,,,
1115,,NO_CAPABILITY_APPLICABLE,,,
1287,,UNMODELED,,,
1299,,NO_CAPABILITY_APPLICABLE,,,
1300,,UNMODELED,,,
1301,,NO_CAPABILITY_APPLICABLE,,,
1302,,NO_CAPABILITY_APPLICABLE,,,
1303,,NO_CAPABILITY_APPLICABLE,,,
1304,,NO_CAPABILITY_APPLICABLE,,,
1305,,NO_CAPABILITY_APPLICABLE,,,
1306,,NO_CAPABILITY_APPLICABLE,,,
1307,,UNMODELED,,,
1308,,NO_CAPABILITY_APPLICABLE,,,
1320,,NO_CAPABILITY_APPLICABLE,,,
1326,,NO_CAPABILITY_APPLICABLE,,,
1327,,UNMODELED,,,
1328,,NO_CAPABILITY_APPLICABLE,,,
1398,,UNMODELED,,,SQUAT:squat
1399,,UNMODELED,,,SQUAT:squat
1400,,UNMODELED,,,SQUAT:squat
1405,,UNMODELED,,,
1456,,UNMODELED,,,
1462,,UNMODELED,,,
1463,,UNMODELED,,,
1464,,UNMODELED,,,
1465,,UNMODELED,,,
1466,,UNMODELED,,,
1467,,UNMODELED,,,
1468,,UNMODELED,,,
1469,,NO_CAPABILITY_APPLICABLE,,,
1470,,NO_CAPABILITY_APPLICABLE,,,
1471,,UNMODELED,,,
1472,,NO_CAPABILITY_APPLICABLE,,,
1473,,NO_CAPABILITY_APPLICABLE,,,
1474,,NO_CAPABILITY_APPLICABLE,,,
1475,,NO_CAPABILITY_APPLICABLE,,,
1476,,UNMODELED,,,
1477,,NO_CAPABILITY_APPLICABLE,,,
1478,,NO_CAPABILITY_APPLICABLE,,,
1479,,NO_CAPABILITY_APPLICABLE,,,
1480,,NO_CAPABILITY_APPLICABLE,,,
1481,,UNMODELED,,,
1482,,UNMODELED,,,
1483,,UNMODELED,,,
1484,,UNMODELED,,,
1488,,UNMODELED,,,
1553,,UNMODELED,,,
1554,,UNMODELED,,,
1555,,NO_CAPABILITY_APPLICABLE,,,
1556,,NO_CAPABILITY_APPLICABLE,,,
1557,,UNMODELED,,,
1558,,UNMODELED,,,
1559,,UNMODELED,,,
1560,,UNMODELED,,,
1561,,UNMODELED,,,
1562,,UNMODELED,,,
1563,,UNMODELED,,,
1564,,UNMODELED,,,
1565,,UNMODELED,,,
1566,,UNMODELED,,,
1567,,UNMODELED,,,
1568,,UNMODELED,,,
1569,,NO_CAPABILITY_APPLICABLE,,,
1570,,UNMODELED,,,
1571,,UNMODELED,,,
1572,,UNMODELED,,,
1573,,NO_CAPABILITY_APPLICABLE,,,
1574,,NO_CAPABILITY_APPLICABLE,,,
1575,,NO_CAPABILITY_APPLICABLE,,,
1576,,NO_CAPABILITY_APPLICABLE,,,
1577,,NO_CAPABILITY_APPLICABLE,,,
1579,,NO_CAPABILITY_APPLICABLE,,,
1603,,NO_CAPABILITY_APPLICABLE,,,
1624,,NO_CAPABILITY_APPLICABLE,,,
1625,,NO_CAPABILITY_APPLICABLE,,,
1626,,UNMODELED,,,
1627,LAT_PULLDOWN:DIRECT:EXPLICIT,UNMODELED,,,
1628,,UNMODELED,,,
1629,,UNMODELED,,,
1630,,UNMODELED,,,
1631,,UNMODELED,,,
1632,,UNMODELED,,,
1633,,UNMODELED,,,
1634,DIP:DIRECT:EXPLICIT,UNMODELED,,,
1635,,UNMODELED,,,
1636,,UNMODELED,,,
1638,,UNMODELED,,,
1639,LAT_PULLDOWN:DIRECT:EXPLICIT,UNMODELED,,,
1640,,UNMODELED,,,
1641,,NO_CAPABILITY_APPLICABLE,,,
1642,,NO_CAPABILITY_APPLICABLE,,,
1643,,UNMODELED,,,
1644,,UNMODELED,,,SQUAT:squat
1692,,INSUFFICIENT_EVIDENCE,,,
1693,,UNMODELED,,,
1694,,UNMODELED,,,
1695,,NO_CAPABILITY_APPLICABLE,,,
1696,,NO_CAPABILITY_APPLICABLE,,,
1697,,UNMODELED,,,SQUAT:squat
1698,,NO_CAPABILITY_APPLICABLE,,,
1699,,INSUFFICIENT_EVIDENCE,,,
1700,,UNMODELED,,,
1701,,UNMODELED,,,
1702,,UNMODELED,,,
1703,,UNMODELED,,,
1704,,NO_CAPABILITY_APPLICABLE,,,
1710,PULL_UP:DIRECT:EXPLICIT,UNMODELED,,,
1711,,UNMODELED,,,
1712,,UNMODELED,,,
1713,,UNMODELED,,,
1714,,UNMODELED,,,
1715,PULL_UP:DIRECT:EXPLICIT,UNMODELED,,,
1716,,UNMODELED,,,
1717,,UNMODELED,,,
1718,,UNMODELED,,,
1720,,NO_CAPABILITY_APPLICABLE,,,
1721,,NO_CAPABILITY_APPLICABLE,,,
1722,,UNMODELED,,,
1723,,NO_CAPABILITY_APPLICABLE,,,
1725,,UNMODELED,,,
1727,,UNMODELED,,,
1728,,NO_CAPABILITY_APPLICABLE,,,
1729,,NO_CAPABILITY_APPLICABLE,,,
1730,,UNMODELED,,,
1731,,UNMODELED,,,
1732,,UNMODELED,,,
1735,,NO_CAPABILITY_APPLICABLE,,,
1737,,NO_CAPABILITY_APPLICABLE,,,
1738,,NO_CAPABILITY_APPLICABLE,,,
1740,,UNMODELED,,,
1741,,NO_CAPABILITY_APPLICABLE,,,
1742,,NO_CAPABILITY_APPLICABLE,,,
1744,,NO_CAPABILITY_APPLICABLE,,,
1745,,NO_CAPABILITY_APPLICABLE,,,
1746,,NO_CAPABILITY_APPLICABLE,,,
1747,,NO_CAPABILITY_APPLICABLE,,,
1748,,NO_CAPABILITY_APPLICABLE,,,
1749,,NO_CAPABILITY_APPLICABLE,,,
1750,,NO_CAPABILITY_APPLICABLE,,,
1766,,UNMODELED,,,
1767,,NO_CAPABILITY_APPLICABLE,,,
1768,,NO_CAPABILITY_APPLICABLE,,,
1769,,NO_CAPABILITY_APPLICABLE,,,
1770,,NO_CAPABILITY_APPLICABLE,,,
1771,,NO_CAPABILITY_APPLICABLE,,,
1772,,NO_CAPABILITY_APPLICABLE,,,
1773,,UNMODELED,,,
1774,,UNMODELED,,,
1775,,UNMODELED,,,
1776,DIP:DIRECT:EXPLICIT,UNMODELED,,,
1777,,NO_CAPABILITY_APPLICABLE,,,
1782,,NO_CAPABILITY_APPLICABLE,,,
1783,,NO_CAPABILITY_APPLICABLE,,,SQUAT:sentadilla
1785,HIP_THRUST:DIRECT:EXPLICIT,UNMODELED,,,
1786,,NO_CAPABILITY_APPLICABLE,,,
1787,,UNMODELED,,,
1788,,NO_CAPABILITY_APPLICABLE,,,
1790,,NO_CAPABILITY_APPLICABLE,,,
1791,,NO_CAPABILITY_APPLICABLE,,,
1864,,UNMODELED,,,
1865,,NO_CAPABILITY_APPLICABLE,,,
1866,,UNMODELED,,,
1869,,NO_CAPABILITY_APPLICABLE,,,SQUAT:sentadilla
1870,,NO_CAPABILITY_APPLICABLE,,,
1871,,NO_CAPABILITY_APPLICABLE,,,
1872,,UNMODELED,,,
1882,,UNMODELED,,,
1890,,UNMODELED,,,
1892,,NO_CAPABILITY_APPLICABLE,,,
1893,,NO_CAPABILITY_APPLICABLE,,,
1894,,UNMODELED,,,
1895,,UNMODELED,,,
1896,,NO_CAPABILITY_APPLICABLE,,,
1898,,NO_CAPABILITY_APPLICABLE,,,
1899,,UNMODELED,,,
1900,,NO_CAPABILITY_APPLICABLE,,,
1901,,NO_CAPABILITY_APPLICABLE,,,
1902,,NO_CAPABILITY_APPLICABLE,,,
1903,,NO_CAPABILITY_APPLICABLE,,,
1904,,UNMODELED,,,
1905,,NO_CAPABILITY_APPLICABLE,,,
1906,,NO_CAPABILITY_APPLICABLE,,,
1907,,NO_CAPABILITY_APPLICABLE,,,
1908,,NO_CAPABILITY_APPLICABLE,,,
1909,,UNMODELED,,,
1910,,NO_CAPABILITY_APPLICABLE,,,
1911,HIP_THRUST:DIRECT:EXPLICIT,UNMODELED,,,
1912,,UNMODELED,,,
1913,,NO_CAPABILITY_APPLICABLE,,,
1915,,UNMODELED,,,
1917,,NO_CAPABILITY_APPLICABLE,,,
1923,,UNMODELED,,,
1924,,UNMODELED,,,
1949,,UNMODELED,,,
1950,,NO_CAPABILITY_APPLICABLE,,,
1951,,NO_CAPABILITY_APPLICABLE,,,
1952,,UNMODELED,,,
1953,,UNMODELED,,,
1954,,UNMODELED,,,
1955,,UNMODELED,,,
1956,,UNMODELED,,,
1957,,UNMODELED,,,
1959,,UNMODELED,,,
1960,,UNMODELED,,,
1961,,NO_CAPABILITY_APPLICABLE,,,
1962,,NO_CAPABILITY_APPLICABLE,,,
1963,,NO_CAPABILITY_APPLICABLE,,,
1964,,NO_CAPABILITY_APPLICABLE,,,
1965,,NO_CAPABILITY_APPLICABLE,,,
1966,,UNMODELED,,,
1967,,UNMODELED,,,
1968,,UNMODELED,,,
1969,,UNMODELED,,,
1970,,UNMODELED,,,
1971,,NO_CAPABILITY_APPLICABLE,,,
1972,,NO_CAPABILITY_APPLICABLE,,,
1975,,UNMODELED,,,
1976,,NO_CAPABILITY_APPLICABLE,,,
1977,,UNMODELED,,,
1978,,UNMODELED,,,
1979,,UNMODELED,,,
1981,,NO_CAPABILITY_APPLICABLE,,,SQUAT:sentadilla
1982,,NO_CAPABILITY_APPLICABLE,,,
1984,,INSUFFICIENT_EVIDENCE,,,
1985,HIP_THRUST:DIRECT:EXPLICIT,UNMODELED,,,
1986,,UNMODELED,,,
1987,,NO_CAPABILITY_APPLICABLE,,,
1988,,NO_CAPABILITY_APPLICABLE,,,BICEPS_CURL:biceps curl
1989,,NO_CAPABILITY_APPLICABLE,,,
1991,,NO_CAPABILITY_APPLICABLE,,,
1992,,NO_CAPABILITY_APPLICABLE,,,
1993,,NO_CAPABILITY_APPLICABLE,,,
2010,,UNMODELED,,,
2011,,INSUFFICIENT_EVIDENCE,,,
2012,LAT_PULLDOWN:DIRECT:EXPLICIT;ROW:DIRECT:EXPLICIT,UNMODELED,,,
2013,,UNMODELED,,,
2028,,NO_CAPABILITY_APPLICABLE,,,
2029,,UNMODELED,,,
2030,,UNMODELED,,,
2031,,NO_CAPABILITY_APPLICABLE,,,
2032,,NO_CAPABILITY_APPLICABLE,,,
2033,,NO_CAPABILITY_APPLICABLE,,,
2034,,UNMODELED,,,
2035,,UNMODELED,,,
2036,,UNMODELED,,,
2037,,UNMODELED,,,
2039,,NO_CAPABILITY_APPLICABLE,,,
2040,,NO_CAPABILITY_APPLICABLE,,,
2041,,NO_CAPABILITY_APPLICABLE,,,
2042,,NO_CAPABILITY_APPLICABLE,,,
2043,,NO_CAPABILITY_APPLICABLE,,,
2044,,NO_CAPABILITY_APPLICABLE,,,
2045,,NO_CAPABILITY_APPLICABLE,,,
2046,,UNMODELED,,,
2047,,UNMODELED,,,
2048,,NO_CAPABILITY_APPLICABLE,,,
2049,,NO_CAPABILITY_APPLICABLE,,,
2050,,UNMODELED,,,
2062,,NO_CAPABILITY_APPLICABLE,,,
2063,,UNMODELED,,,
2064,HIP_THRUST:DIRECT:EXPLICIT,UNMODELED,,,
2065,,UNMODELED,,,
2066,,UNMODELED,,,
2067,,NO_CAPABILITY_APPLICABLE,,,
2071,,NO_CAPABILITY_APPLICABLE,,,
2072,,UNMODELED,,,
2073,,UNMODELED,,,
2074,,UNMODELED,,,
2075,,NO_CAPABILITY_APPLICABLE,,,SQUAT:sentadilla
2076,,INSUFFICIENT_EVIDENCE,,,
2077,,UNMODELED,,,
2078,,NO_CAPABILITY_APPLICABLE,,,
2079,,UNMODELED,,,
2081,,NO_CAPABILITY_APPLICABLE,,,
2082,,NO_CAPABILITY_APPLICABLE,,,
2084,,UNMODELED,,,
2086,,NO_CAPABILITY_APPLICABLE,,,
2087,,NO_CAPABILITY_APPLICABLE,,,
2093,,NO_CAPABILITY_APPLICABLE,,,
2101,,UNMODELED,,,
2102,,NO_CAPABILITY_APPLICABLE,,,
2103,LAT_PULLDOWN:DIRECT:EXPLICIT,UNMODELED,,,
2104,,UNMODELED,,,
2105,LEG_CURL:DIRECT:EXPLICIT,UNMODELED,,,
2106,CHEST_PRESS:DIRECT:EXPLICIT,UNMODELED,,,
2107,ABDUCTOR:DIRECT:EXPLICIT;ADDUCTOR:DIRECT:EXPLICIT,UNMODELED,,,
2109,,UNMODELED,,,
2110,,NO_CAPABILITY_APPLICABLE,,,
2129,DIP:DIRECT:EXPLICIT,UNMODELED,,,
2135,,NO_CAPABILITY_APPLICABLE,,,
2136,,UNMODELED,,,
2137,,NO_CAPABILITY_APPLICABLE,,,
2138,,UNMODELED,,,SQUAT:squat
2144,,UNMODELED,,,
2145,,NO_CAPABILITY_APPLICABLE,,,
2146,,NO_CAPABILITY_APPLICABLE,,,
2147,,NO_CAPABILITY_APPLICABLE,,,
2148,,NO_CAPABILITY_APPLICABLE,,,
2149,,UNMODELED,,,
2150,,UNMODELED,,,
2151,,UNMODELED,,,
2152,,UNMODELED,,,
2153,,UNMODELED,,,
2154,,UNMODELED,,,
2155,,NO_CAPABILITY_APPLICABLE,,,
2156,,NO_CAPABILITY_APPLICABLE,,,
2158,,NO_CAPABILITY_APPLICABLE,,,
2159,,NO_CAPABILITY_APPLICABLE,,,
2160,,NO_CAPABILITY_APPLICABLE,,,
2161,DIP:SUPPORTED:EXPLICIT,UNMODELED,,SUPPORTED assignment requires explicit module/configuration evidence.,SQUAT:squat
2162,,NO_CAPABILITY_APPLICABLE,,,
2163,,UNMODELED,,,
2168,,NO_CAPABILITY_APPLICABLE,,,
2169,,NO_CAPABILITY_APPLICABLE,,,
2170,,NO_CAPABILITY_APPLICABLE,,,
2171,,NO_CAPABILITY_APPLICABLE,,,
2172,,NO_CAPABILITY_APPLICABLE,,,
2173,,UNMODELED,,,
2174,,NO_CAPABILITY_APPLICABLE,,,
2175,,NO_CAPABILITY_APPLICABLE,,,
2177,,UNMODELED,,,
2178,,NO_CAPABILITY_APPLICABLE,,,
2179,,UNMODELED,,,
2181,,NO_CAPABILITY_APPLICABLE,,,SQUAT:sentadilla
2183,,NO_CAPABILITY_APPLICABLE,,,
2184,,NO_CAPABILITY_APPLICABLE,,,
2185,,NO_CAPABILITY_APPLICABLE,,,
2189,,NO_CAPABILITY_APPLICABLE,,,
2190,,UNMODELED,,,
2191,ROW:DIRECT:EXPLICIT,UNMODELED,,,
2192,,NO_CAPABILITY_APPLICABLE,,,
2193,,NO_CAPABILITY_APPLICABLE,,,
2196,,UNMODELED,,,
2197,LEG_CURL:DIRECT:EXPLICIT,UNMODELED,,,
2198,,UNMODELED,,,
2199,,NO_CAPABILITY_APPLICABLE,,,
2204,,NO_CAPABILITY_APPLICABLE,,,
2205,,NO_CAPABILITY_APPLICABLE,,,
2206,,UNMODELED,,,
2208,,UNMODELED,,,
2209,,NO_CAPABILITY_APPLICABLE,,,
2210,,NO_CAPABILITY_APPLICABLE,,,
2212,,UNMODELED,,,
2213,,NO_CAPABILITY_APPLICABLE,,,
2214,,NO_CAPABILITY_APPLICABLE,,,
2215,,NO_CAPABILITY_APPLICABLE,,,
2217,,UNMODELED,,,
2219,,UNMODELED,,,
2220,,UNMODELED,,,
2221,,UNMODELED,,,
2222,,NO_CAPABILITY_APPLICABLE,,,
2223,,NO_CAPABILITY_APPLICABLE,,,
2224,,NO_CAPABILITY_APPLICABLE,,,
2225,,NO_CAPABILITY_APPLICABLE,,,
2226,,NO_CAPABILITY_APPLICABLE,,,
2227,,NO_CAPABILITY_APPLICABLE,,,
2228,,NO_CAPABILITY_APPLICABLE,,,
2229,,NO_CAPABILITY_APPLICABLE,,,
2230,,NO_CAPABILITY_APPLICABLE,,,
2231,,INSUFFICIENT_EVIDENCE,,,
2232,,NO_CAPABILITY_APPLICABLE,,,
2233,,NO_CAPABILITY_APPLICABLE,,,
2234,,UNMODELED,,,
2235,,NO_CAPABILITY_APPLICABLE,,,
2236,,UNMODELED,,,
2237,,UNMODELED,,,
2238,,UNMODELED,,,
2241,,UNMODELED,,,
2249,,NO_CAPABILITY_APPLICABLE,,,
2250,,UNMODELED,,,
2251,,UNMODELED,,,
2252,,UNMODELED,,,
2253,,UNMODELED,,,
2254,,UNMODELED,,,
2255,,NO_CAPABILITY_APPLICABLE,,,
2256,,NO_CAPABILITY_APPLICABLE,,,
2257,,NO_CAPABILITY_APPLICABLE,,,
2258,,NO_CAPABILITY_APPLICABLE,,,
2260,,NO_CAPABILITY_APPLICABLE,,,
2269,,NO_CAPABILITY_APPLICABLE,,,
2270,,UNMODELED,,,
2271,,UNMODELED,,,
2272,,NO_CAPABILITY_APPLICABLE,,,
2273,,NO_CAPABILITY_APPLICABLE,,,
2275,,NO_CAPABILITY_APPLICABLE,,,
2277,,NO_CAPABILITY_APPLICABLE,,,
2278,,NO_CAPABILITY_APPLICABLE,,,
2279,,NO_CAPABILITY_APPLICABLE,,,
2280,,INSUFFICIENT_EVIDENCE,,,
2281,,UNMODELED,,,
2282,,UNMODELED,,,
2283,,NO_CAPABILITY_APPLICABLE,,,
2284,DIP:DIRECT:EXPLICIT,UNMODELED,,,
2285,,NO_CAPABILITY_APPLICABLE,,,
2286,,NO_CAPABILITY_APPLICABLE,,,
2287,,UNMODELED,,,
2288,,NO_CAPABILITY_APPLICABLE,,,
2289,,NO_CAPABILITY_APPLICABLE,,,
2292,,UNMODELED,,,
2293,,UNMODELED,,,
2294,,UNMODELED,,,
2298,,UNMODELED,,,SQUAT:squat
2299,,UNMODELED,,,
