productId,name,active,productFamily,baselineResolutionState,resolutionState,resolved,baselineCandidateCapabilities,v21ExerciseCapabilities,v21TrainingFunctions,v21ReviewCandidates,gapType,exactBlocker,requiredFutureEvidenceOrAction,reason
12,Barra Pull Ups Multigrip 2.0 | HWM®,true,BODYWEIGHT_GYMNASTICS,VERIFIED_NO_APPLICABLE_CAPABILITY,VERIFIED_NO_APPLICABLE_CAPABILITY,true,,PULL_UP,,,,No unresolved blocker; baseline resolution is preserved.,None.,Preserved from the A00.6.6 resolved baseline.
53,Par Anillas Olímpicas de Gimnasia Pvc | HWM®,true,BODYWEIGHT_GYMNASTICS,VERIFIED_NO_APPLICABLE_CAPABILITY,VERIFIED_NO_APPLICABLE_CAPABILITY,true,,,,,,No unresolved blocker; baseline resolution is preserved.,None.,Preserved from the A00.6.6 resolved baseline.
54,Par Anillas Olímpicas de Gimnasia Madera | HWM®,true,BODYWEIGHT_GYMNASTICS,VERIFIED_NO_APPLICABLE_CAPABILITY,VERIFIED_NO_APPLICABLE_CAPABILITY,true,,,,,,No unresolved blocker; baseline resolution is preserved.,None.,Preserved from the A00.6.6 resolved baseline.
81,Par Collarines Olímpicos de PVC 50mm Negro | HWM®,true,MACHINE_ATTACHMENT,VERIFIED_NO_APPLICABLE_CAPABILITY,VERIFIED_NO_APPLICABLE_CAPABILITY,true,,,,,,No unresolved blocker; baseline resolution is preserved.,None.,Preserved from the A00.6.6 resolved baseline.
87,Heavy Speed Rope | HWM®,true,ROPE_SLED,VERIFIED_NO_APPLICABLE_CAPABILITY,VERIFIED_NO_APPLICABLE_CAPABILITY,true,,,CABLE_RESISTANCE,,,No unresolved blocker; baseline resolution is preserved.,None.,Preserved from the A00.6.6 resolved baseline.
176,Crossover Lat Pulldown ZR Series | PROmachine,true,CABLE_MACHINE,SEMANTIC_COMPLETE,SEMANTIC_COMPLETE,true,,LAT_PULLDOWN|PULL_UP,CABLE_RESISTANCE|MULTI_DIRECTIONAL_RESISTANCE,,,No unresolved blocker; baseline resolution is preserved.,None.,Preserved from the A00.6.6 resolved baseline.
177,Barra Pull Ups 1.0 | HWM®,true,BODYWEIGHT_GYMNASTICS,SEMANTIC_COMPLETE,SEMANTIC_COMPLETE,true,,PULL_UP,,,,No unresolved blocker; baseline resolution is preserved.,None.,Preserved from the A00.6.6 resolved baseline.
258,Extensión de Tríceps MO Series | Obelix,true,UNKNOWN,SEMANTIC_COMPLETE,SEMANTIC_COMPLETE,true,,TRICEPS_EXTENSION,,,ONTOLOGY_GAP,No unresolved blocker; baseline resolution is preserved.,None.,Preserved from the A00.6.6 resolved baseline.
300,Par Barras Paralelas 17cm | HWM®,true,BODYWEIGHT_GYMNASTICS,SEMANTIC_COMPLETE,SEMANTIC_COMPLETE,true,,DIP|PULL_UP,BODYWEIGHT_SUPPORT,,,No unresolved blocker; baseline resolution is preserved.,None.,Preserved from the A00.6.6 resolved baseline.
301,Barras Paralelas 34cm (Par) | HWM,true,BODYWEIGHT_GYMNASTICS,SEMANTIC_COMPLETE,SEMANTIC_COMPLETE,true,,DIP|PULL_UP,BODYWEIGHT_SUPPORT,,,No unresolved blocker; baseline resolution is preserved.,None.,Preserved from the A00.6.6 resolved baseline.
302,Barras Paralelas 70cm (Par) | HWM,true,BODYWEIGHT_GYMNASTICS,SEMANTIC_COMPLETE,SEMANTIC_COMPLETE,true,,DIP|PULL_UP,BODYWEIGHT_SUPPORT,,,No unresolved blocker; baseline resolution is preserved.,None.,Preserved from the A00.6.6 resolved baseline.
388,Par Push Ups 1.0 | FullFit,true,UNKNOWN,SEMANTIC_COMPLETE,SEMANTIC_COMPLETE,true,DIP|PULL_UP,DIP|PULL_UP,BODYWEIGHT_SUPPORT,,RULE_GAP,No unresolved blocker; baseline resolution is preserved.,None.,Preserved from the A00.6.6 resolved baseline.
430,Bicicleta de Spinning Move | Obelix,true,CARDIO_MACHINE,VERIFIED_NO_APPLICABLE_CAPABILITY,VERIFIED_NO_APPLICABLE_CAPABILITY,true,,,,,,No unresolved blocker; baseline resolution is preserved.,None.,Preserved from the A00.6.6 resolved baseline.
435,Set 10 Body Pump + Rack | FullFit,true,RACK_CAGE,VERIFIED_NO_APPLICABLE_CAPABILITY,VERIFIED_NO_APPLICABLE_CAPABILITY,true,,,BARBELL_SUPPORT,,,No unresolved blocker; baseline resolution is preserved.,None.,Preserved from the A00.6.6 resolved baseline.
437,Soga de Tríceps - Accesorio Polea | Obelix,true,CABLE_MACHINE,VERIFIED_NO_APPLICABLE_CAPABILITY,VERIFIED_NO_APPLICABLE_CAPABILITY,true,,,CABLE_RESISTANCE,,,No unresolved blocker; baseline resolution is preserved.,None.,Preserved from the A00.6.6 resolved baseline.
454,Barra Lat Pull Down - Accesorio Polea | Obelix,true,CABLE_MACHINE,VERIFIED_NO_APPLICABLE_CAPABILITY,VERIFIED_NO_APPLICABLE_CAPABILITY,true,,,CABLE_RESISTANCE,,,No unresolved blocker; baseline resolution is preserved.,None.,Preserved from the A00.6.6 resolved baseline.
455,Barra Corta Recta - Accesorio Polea | Obelix,true,CABLE_MACHINE,VERIFIED_NO_APPLICABLE_CAPABILITY,VERIFIED_NO_APPLICABLE_CAPABILITY,true,,,CABLE_RESISTANCE,,,No unresolved blocker; baseline resolution is preserved.,None.,Preserved from the A00.6.6 resolved baseline.
462,Agarre Manilla Simple de Acero - Accesorio Polea (Unidad) | Obelix,true,CABLE_MACHINE,VERIFIED_NO_APPLICABLE_CAPABILITY,VERIFIED_NO_APPLICABLE_CAPABILITY,true,,,CABLE_RESISTANCE,,,No unresolved blocker; baseline resolution is preserved.,None.,Preserved from the A00.6.6 resolved baseline.
463,Par Ankle Straps de Cuero | FullFit,true,MACHINE_ATTACHMENT,VERIFIED_NO_APPLICABLE_CAPABILITY,VERIFIED_NO_APPLICABLE_CAPABILITY,true,,,CABLE_RESISTANCE,,,No unresolved blocker; baseline resolution is preserved.,None.,Preserved from the A00.6.6 resolved baseline.
466,Agarre Remo Neutro - Accesorio Polea | Obelix,true,CABLE_MACHINE,VERIFIED_NO_APPLICABLE_CAPABILITY,VERIFIED_NO_APPLICABLE_CAPABILITY,true,,,CABLE_RESISTANCE,,,No unresolved blocker; baseline resolution is preserved.,None.,Preserved from the A00.6.6 resolved baseline.
485,Press de Hombro V8 Series | Obelix,true,SELECTORIZED_MACHINE,SEMANTIC_COMPLETE,SEMANTIC_COMPLETE,true,SHOULDER_PRESS,SHOULDER_PRESS,,,,No unresolved blocker; baseline resolution is preserved.,None.,Preserved from the A00.6.6 resolved baseline.
486,Press de Pectoral V8 Series | Obelix,true,SELECTORIZED_MACHINE,SEMANTIC_COMPLETE,SEMANTIC_COMPLETE,true,CHEST_PRESS,CHEST_PRESS,,,,No unresolved blocker; baseline resolution is preserved.,None.,Preserved from the A00.6.6 resolved baseline.
487,Curl Femoral Sentado V8 Series | Obelix,true,SELECTORIZED_MACHINE,SEMANTIC_COMPLETE,SEMANTIC_COMPLETE,true,LEG_CURL,LEG_CURL,,,,No unresolved blocker; baseline resolution is preserved.,None.,Preserved from the A00.6.6 resolved baseline.
489,Remo Sentado V8 Series | Obelix,true,SELECTORIZED_MACHINE,SEMANTIC_COMPLETE,SEMANTIC_COMPLETE,true,ROW,ROW,,,,No unresolved blocker; baseline resolution is preserved.,None.,Preserved from the A00.6.6 resolved baseline.
491,Prensa Horizontal Sentado V8 Series | Obelix,true,PLATE_LOADED_MACHINE,SEMANTIC_COMPLETE,SEMANTIC_COMPLETE,true,,LEG_PRESS,,,ONTOLOGY_GAP,No unresolved blocker; baseline resolution is preserved.,None.,Preserved from the A00.6.6 resolved baseline.
494,Polea Cruzada Corta V8 Series | Obelix,true,CABLE_MACHINE,DATA_GAP,SEMANTIC_COMPLETE,true,,,CABLE_RESISTANCE|MULTI_DIRECTIONAL_RESISTANCE,,DATA_GAP,The input exposed cable resistance but did not encode the crossover geometry of the named station.,None for current V2 semantics.,Polea Cruzada is the canonical crossover geometry and is corroborated by the trusted cable-machine category.
495,Polea Cruzada V8 Series | Obelix,true,CABLE_MACHINE,DATA_GAP,SEMANTIC_COMPLETE,true,,,CABLE_RESISTANCE|MULTI_DIRECTIONAL_RESISTANCE,,DATA_GAP,The input exposed cable resistance but did not encode the crossover geometry of the named station.,None for current V2 semantics.,Polea Cruzada is the canonical crossover geometry and is corroborated by the trusted cable-machine category.
503,Remo Bajo V8 Series | Obelix,true,SELECTORIZED_MACHINE,SEMANTIC_COMPLETE,SEMANTIC_COMPLETE,true,ROW,ROW,,,,No unresolved blocker; baseline resolution is preserved.,None.,Preserved from the A00.6.6 resolved baseline.
528,Banco Abdominal/Fondo y Dominada MO Series | Obelix,true,BENCH,SEMANTIC_COMPLETE,SEMANTIC_COMPLETE,true,,PULL_UP,,,,No unresolved blocker; baseline resolution is preserved.,None.,Preserved from the A00.6.6 resolved baseline.
679,Bicicleta de Spinning SP9 | Obelix,true,CARDIO_MACHINE,VERIFIED_NO_APPLICABLE_CAPABILITY,VERIFIED_NO_APPLICABLE_CAPABILITY,true,,,,,,No unresolved blocker; baseline resolution is preserved.,None.,Preserved from the A00.6.6 resolved baseline.
761,Squat Rack Lite Series | HWM®,true,RACK_CAGE,VERIFIED_NO_APPLICABLE_CAPABILITY,VERIFIED_NO_APPLICABLE_CAPABILITY,true,,,BARBELL_SUPPORT,,,No unresolved blocker; baseline resolution is preserved.,None.,Preserved from the A00.6.6 resolved baseline.
777,Par Agarres OCR Pull Up Balls de Madera 68mm | Araknido,true,BODYWEIGHT_GYMNASTICS,VERIFIED_NO_APPLICABLE_CAPABILITY,VERIFIED_NO_APPLICABLE_CAPABILITY,true,,PULL_UP,,,,No unresolved blocker; baseline resolution is preserved.,None.,Preserved from the A00.6.6 resolved baseline.
784,Par Agarres OCR Pull Up Bars de Madera 50mm | Araknido,true,BODYWEIGHT_GYMNASTICS,VERIFIED_NO_APPLICABLE_CAPABILITY,VERIFIED_NO_APPLICABLE_CAPABILITY,true,,PULL_UP,,,,No unresolved blocker; baseline resolution is preserved.,None.,Preserved from the A00.6.6 resolved baseline.
797,Safety Squat Bar Black Series | HWM,true,UNKNOWN,VERIFIED_NO_APPLICABLE_CAPABILITY,VERIFIED_NO_APPLICABLE_CAPABILITY,true,,,,,,No unresolved blocker; baseline resolution is preserved.,None.,Preserved from the A00.6.6 resolved baseline.
821,Collarines Olímpicos de Aluminio 50mm Silver (Par) | HWM,true,MACHINE_ATTACHMENT,VERIFIED_NO_APPLICABLE_CAPABILITY,VERIFIED_NO_APPLICABLE_CAPABILITY,true,,,,,,No unresolved blocker; baseline resolution is preserved.,None.,Preserved from the A00.6.6 resolved baseline.
899,Lat Pulldown Heavy Duty Series | HWM®,true,CABLE_MACHINE,SEMANTIC_COMPLETE,SEMANTIC_COMPLETE,true,LAT_PULLDOWN,LAT_PULLDOWN,CABLE_RESISTANCE,,,No unresolved blocker; baseline resolution is preserved.,None.,Preserved from the A00.6.6 resolved baseline.
930,Bulgarian Squat (Accesorio Jaula Hell - MJHWM2) | HWM,true,MACHINE_ATTACHMENT,VERIFIED_NO_APPLICABLE_CAPABILITY,VERIFIED_NO_APPLICABLE_CAPABILITY,true,,,BARBELL_SUPPORT,,,No unresolved blocker; baseline resolution is preserved.,None.,Preserved from the A00.6.6 resolved baseline.
934,Barras Paralelas Ajustables 77-98cm (Par) | HWM,true,BODYWEIGHT_GYMNASTICS,SEMANTIC_COMPLETE,SEMANTIC_COMPLETE,true,,DIP|PULL_UP,BODYWEIGHT_SUPPORT,,,No unresolved blocker; baseline resolution is preserved.,None.,Preserved from the A00.6.6 resolved baseline.
1021,Multipower ZR Series | PROmachine,true,PLATE_LOADED_MACHINE,VERIFIED_NO_APPLICABLE_CAPABILITY,VERIFIED_NO_APPLICABLE_CAPABILITY,true,,,CABLE_RESISTANCE|GUIDED_BARBELL_SUPPORT,,,No unresolved blocker; baseline resolution is preserved.,None.,Preserved from the A00.6.6 resolved baseline.
1022,"Barra de Tríceps ""V"" Grip - Accesorio Polea | Obelix",true,CABLE_MACHINE,VERIFIED_NO_APPLICABLE_CAPABILITY,VERIFIED_NO_APPLICABLE_CAPABILITY,true,,,CABLE_RESISTANCE,,,No unresolved blocker; baseline resolution is preserved.,None.,Preserved from the A00.6.6 resolved baseline.
1035,Barra Dominadas Puerta | FullFit,true,BODYWEIGHT_GYMNASTICS,SEMANTIC_COMPLETE,SEMANTIC_COMPLETE,true,,PULL_UP,,,,No unresolved blocker; baseline resolution is preserved.,None.,Preserved from the A00.6.6 resolved baseline.
1059,Multifuncional Smith ZR Series | PROmachine,true,PLATE_LOADED_MACHINE,SEMANTIC_COMPLETE,SEMANTIC_COMPLETE,true,,DIP|PULL_UP,GUIDED_BARBELL_SUPPORT,,,No unresolved blocker; baseline resolution is preserved.,None.,Preserved from the A00.6.6 resolved baseline.
1118,Banco Preolímpico Multifuncional Pro | Forza,true,BENCH,SEMANTIC_COMPLETE,SEMANTIC_COMPLETE,true,,LEG_CURL,,,,No unresolved blocker; baseline resolution is preserved.,None.,Preserved from the A00.6.6 resolved baseline.
1121,Atril de Sentadillas 1.0 (Par) | Forza,true,RACK_CAGE,SEMANTIC_COMPLETE,SEMANTIC_COMPLETE,true,,,BARBELL_SUPPORT,,ONTOLOGY_GAP,No unresolved blocker; baseline resolution is preserved.,None.,Preserved from the A00.6.6 resolved baseline.
1122,Multiestación de Poder 1.0 | Forza,true,UNKNOWN,DATA_GAP,DATA_GAP,false,,,,,DATA_GAP,Product Family is UNKNOWN and the trusted structured input has no station/module/mechanism declaration.,Enrich Product Semantic classification with canonical family and explicit station/module components.,"Possible pull-up, dip and abdominal functions appear only in description text; they cannot override the missing upstream Product Family and module truth."
1123,Bicicleta de Spinning Home FZ1.0 | Forza,true,CARDIO_MACHINE,VERIFIED_NO_APPLICABLE_CAPABILITY,VERIFIED_NO_APPLICABLE_CAPABILITY,true,,,,,,No unresolved blocker; baseline resolution is preserved.,None.,Preserved from the A00.6.6 resolved baseline.
1124,Lat Pull Down | Accesorio Smith Machine ZR Series | PROmachine,true,PLATE_LOADED_MACHINE,VERIFIED_NO_APPLICABLE_CAPABILITY,VERIFIED_NO_APPLICABLE_CAPABILITY,true,,,CABLE_RESISTANCE|GUIDED_BARBELL_SUPPORT,,,No unresolved blocker; baseline resolution is preserved.,None.,Preserved from the A00.6.6 resolved baseline.
1126,Rampa Caminata de Manos | HWM®,true,BODYWEIGHT_GYMNASTICS,SEMANTIC_COMPLETE,SEMANTIC_COMPLETE,true,,,BODYWEIGHT_SUPPORT,,ONTOLOGY_GAP,No unresolved blocker; baseline resolution is preserved.,None.,Preserved from the A00.6.6 resolved baseline.
1137,Par Ankle Straps Skull | FullFit,true,MACHINE_ATTACHMENT,VERIFIED_NO_APPLICABLE_CAPABILITY,VERIFIED_NO_APPLICABLE_CAPABILITY,true,,,CABLE_RESISTANCE,,,No unresolved blocker; baseline resolution is preserved.,None.,Preserved from the A00.6.6 resolved baseline.
1138,Par Ankle Straps Pink Piton | FullFit,true,MACHINE_ATTACHMENT,VERIFIED_NO_APPLICABLE_CAPABILITY,VERIFIED_NO_APPLICABLE_CAPABILITY,true,,,CABLE_RESISTANCE,,,No unresolved blocker; baseline resolution is preserved.,None.,Preserved from the A00.6.6 resolved baseline.
1139,Par Ankle Straps Diamond | FullFit,true,MACHINE_ATTACHMENT,VERIFIED_NO_APPLICABLE_CAPABILITY,VERIFIED_NO_APPLICABLE_CAPABILITY,true,,,CABLE_RESISTANCE,,,No unresolved blocker; baseline resolution is preserved.,None.,Preserved from the A00.6.6 resolved baseline.
1140,Par Ankle Straps Camo | FullFit,true,MACHINE_ATTACHMENT,VERIFIED_NO_APPLICABLE_CAPABILITY,VERIFIED_NO_APPLICABLE_CAPABILITY,true,,,CABLE_RESISTANCE,,,No unresolved blocker; baseline resolution is preserved.,None.,Preserved from the A00.6.6 resolved baseline.
1158,Trotadora Escaladora Lite Series | Obelix,true,CARDIO_MACHINE,VERIFIED_NO_APPLICABLE_CAPABILITY,VERIFIED_NO_APPLICABLE_CAPABILITY,true,,,,,,No unresolved blocker; baseline resolution is preserved.,None.,Preserved from the A00.6.6 resolved baseline.
1159,Elíptica Cross Trainer Lite Series | Obelix,true,CARDIO_MACHINE,VERIFIED_NO_APPLICABLE_CAPABILITY,VERIFIED_NO_APPLICABLE_CAPABILITY,true,,,,,,No unresolved blocker; baseline resolution is preserved.,None.,Preserved from the A00.6.6 resolved baseline.
1160,Elíptica Stepper Lite Series | Obelix,true,CARDIO_MACHINE,VERIFIED_NO_APPLICABLE_CAPABILITY,VERIFIED_NO_APPLICABLE_CAPABILITY,true,,,,,,No unresolved blocker; baseline resolution is preserved.,None.,Preserved from the A00.6.6 resolved baseline.
1161,Bicicleta de Spinning Training Lite Series | Obelix,true,CARDIO_MACHINE,VERIFIED_NO_APPLICABLE_CAPABILITY,VERIFIED_NO_APPLICABLE_CAPABILITY,true,,,,,,No unresolved blocker; baseline resolution is preserved.,None.,Preserved from the A00.6.6 resolved baseline.
1193,Salmon Ladder | Araknido,true,UNKNOWN,SEMANTIC_COMPLETE,SEMANTIC_COMPLETE,true,,PULL_UP,,,,No unresolved blocker; baseline resolution is preserved.,None.,Preserved from the A00.6.6 resolved baseline.
1207,Multi Estación 4 Stacks V8 Series | Obelix,true,CABLE_MACHINE,SEMANTIC_COMPLETE,SEMANTIC_COMPLETE,true,LAT_PULLDOWN|ROW,LAT_PULLDOWN|ROW,CABLE_RESISTANCE,,,No unresolved blocker; baseline resolution is preserved.,None.,Preserved from the A00.6.6 resolved baseline.
1229,Hack Squat Solid Rock | BODYTONE,true,PLATE_LOADED_MACHINE,SEMANTIC_COMPLETE,SEMANTIC_COMPLETE,true,,HACK_SQUAT,,,ONTOLOGY_GAP,No unresolved blocker; baseline resolution is preserved.,None.,Preserved from the A00.6.6 resolved baseline.
1236,Eliptica Comercial S1 Series LED | Obelix®,true,CARDIO_MACHINE,VERIFIED_NO_APPLICABLE_CAPABILITY,VERIFIED_NO_APPLICABLE_CAPABILITY,true,,,,,,No unresolved blocker; baseline resolution is preserved.,None.,Preserved from the A00.6.6 resolved baseline.
1237,Trotadora Comercial S1 Series LED | Obelix®,true,CARDIO_MACHINE,VERIFIED_NO_APPLICABLE_CAPABILITY,VERIFIED_NO_APPLICABLE_CAPABILITY,true,,,,,,No unresolved blocker; baseline resolution is preserved.,None.,Preserved from the A00.6.6 resolved baseline.
1238,Trotadora Comercial S1 Series TFT Touch | Obelix®,true,CARDIO_MACHINE,VERIFIED_NO_APPLICABLE_CAPABILITY,VERIFIED_NO_APPLICABLE_CAPABILITY,true,,,,,,No unresolved blocker; baseline resolution is preserved.,None.,Preserved from the A00.6.6 resolved baseline.
1239,Trotadora Curva AirRunner 1.0 | HWM®,true,CARDIO_MACHINE,VERIFIED_NO_APPLICABLE_CAPABILITY,VERIFIED_NO_APPLICABLE_CAPABILITY,true,,,,,,No unresolved blocker; baseline resolution is preserved.,None.,Preserved from the A00.6.6 resolved baseline.
1240,Escalera LED S1 Series | Obelix®,true,CARDIO_MACHINE,VERIFIED_NO_APPLICABLE_CAPABILITY,VERIFIED_NO_APPLICABLE_CAPABILITY,true,,,,,,No unresolved blocker; baseline resolution is preserved.,None.,Preserved from the A00.6.6 resolved baseline.
1263,Collarines Olímpicos Competición (Par) | XMASTER,true,MACHINE_ATTACHMENT,VERIFIED_NO_APPLICABLE_CAPABILITY,VERIFIED_NO_APPLICABLE_CAPABILITY,true,,,,,,No unresolved blocker; baseline resolution is preserved.,None.,Preserved from the A00.6.6 resolved baseline.
1265,Press de Pectoral MO 2.0 Obelix®,true,SELECTORIZED_MACHINE,SEMANTIC_COMPLETE,SEMANTIC_COMPLETE,true,CHEST_PRESS,CHEST_PRESS,,,,No unresolved blocker; baseline resolution is preserved.,None.,Preserved from the A00.6.6 resolved baseline.
1266,Aperturas Pec Fly / Rear Delt MO 2.0 Obelix®,true,SELECTORIZED_MACHINE,SEMANTIC_COMPLETE,SEMANTIC_COMPLETE,true,,PEC_DECK|REAR_DELT_FLY,,,ONTOLOGY_GAP,No unresolved blocker; baseline resolution is preserved.,None.,Preserved from the A00.6.6 resolved baseline.
1267,Polea Alta MO 2.0 Obelix®,true,CABLE_MACHINE,SEMANTIC_COMPLETE,SEMANTIC_COMPLETE,true,LAT_PULLDOWN,LAT_PULLDOWN,CABLE_RESISTANCE,,,No unresolved blocker; baseline resolution is preserved.,None.,Preserved from the A00.6.6 resolved baseline.
1268,Remo Sentado MO 2.0 Obelix®,true,SELECTORIZED_MACHINE,SEMANTIC_COMPLETE,SEMANTIC_COMPLETE,true,ROW,ROW,,,,No unresolved blocker; baseline resolution is preserved.,None.,Preserved from the A00.6.6 resolved baseline.
1269,Extensión de Cuádriceps MO 2.0 Obelix®,true,SELECTORIZED_MACHINE,SEMANTIC_COMPLETE,SEMANTIC_COMPLETE,true,LEG_EXTENSION,LEG_EXTENSION,,,,No unresolved blocker; baseline resolution is preserved.,None.,Preserved from the A00.6.6 resolved baseline.
1270,Curl de Femoral Acostado MO 2.0 Obelix®,true,SELECTORIZED_MACHINE,SEMANTIC_COMPLETE,SEMANTIC_COMPLETE,true,LEG_CURL,LEG_CURL,,,RULE_GAP,No unresolved blocker; baseline resolution is preserved.,None.,Preserved from the A00.6.6 resolved baseline.
1271,Aductor MO 2.0 | Obelix®,true,SELECTORIZED_MACHINE,SEMANTIC_COMPLETE,SEMANTIC_COMPLETE,true,ADDUCTOR,ADDUCTOR,,,,No unresolved blocker; baseline resolution is preserved.,None.,Preserved from the A00.6.6 resolved baseline.
1272,Hack Squat Lineal MO 2.0 | Obelix®,true,PLATE_LOADED_MACHINE,SEMANTIC_COMPLETE,SEMANTIC_COMPLETE,true,,HACK_SQUAT,,,ONTOLOGY_GAP,No unresolved blocker; baseline resolution is preserved.,None.,Preserved from the A00.6.6 resolved baseline.
1273,Prensa Inclinada 45° Lineal MO 2.0 | Obelix®,true,PLATE_LOADED_MACHINE,SEMANTIC_COMPLETE,SEMANTIC_COMPLETE,true,,LEG_PRESS,,,ONTOLOGY_GAP,No unresolved blocker; baseline resolution is preserved.,None.,Preserved from the A00.6.6 resolved baseline.
1274,Jaula Smith Vertical MO 2.0 | Obelix®,true,PLATE_LOADED_MACHINE,SEMANTIC_COMPLETE,SEMANTIC_COMPLETE,true,,,GUIDED_BARBELL_SUPPORT,,ONTOLOGY_GAP,No unresolved blocker; baseline resolution is preserved.,None.,Preserved from the A00.6.6 resolved baseline.
1275,Prensa Horizontal Sentado MO 2.0 Obelix®,true,PLATE_LOADED_MACHINE,SEMANTIC_COMPLETE,SEMANTIC_COMPLETE,true,,LEG_PRESS,,,ONTOLOGY_GAP,No unresolved blocker; baseline resolution is preserved.,None.,Preserved from the A00.6.6 resolved baseline.
1278,Abductor MO 2.0 | Obelix®,true,SELECTORIZED_MACHINE,SEMANTIC_COMPLETE,SEMANTIC_COMPLETE,true,ABDUCTOR,ABDUCTOR,,,,No unresolved blocker; baseline resolution is preserved.,None.,Preserved from the A00.6.6 resolved baseline.
1284,Elevación de Talones de Pie MO 2.0 | Obelix®,true,SELECTORIZED_MACHINE,SEMANTIC_COMPLETE,SEMANTIC_COMPLETE,true,,CALF_RAISE,,,ONTOLOGY_GAP,No unresolved blocker; baseline resolution is preserved.,None.,Preserved from the A00.6.6 resolved baseline.
1288,Air Ski Trainer Eco Smart Connect | XEBEX,true,CARDIO_MACHINE,VERIFIED_NO_APPLICABLE_CAPABILITY,VERIFIED_NO_APPLICABLE_CAPABILITY,true,,,,,,No unresolved blocker; baseline resolution is preserved.,None.,Preserved from the A00.6.6 resolved baseline.
1289,Air Cycle Eco Smart Connect | XEBEX,true,CARDIO_MACHINE,VERIFIED_NO_APPLICABLE_CAPABILITY,VERIFIED_NO_APPLICABLE_CAPABILITY,true,,,,,,No unresolved blocker; baseline resolution is preserved.,None.,Preserved from the A00.6.6 resolved baseline.
1330,Par Collarines Olímpicos de PVC 50mm Rosado | HWM®,true,MACHINE_ATTACHMENT,VERIFIED_NO_APPLICABLE_CAPABILITY,VERIFIED_NO_APPLICABLE_CAPABILITY,true,,,,,,No unresolved blocker; baseline resolution is preserved.,None.,Preserved from the A00.6.6 resolved baseline.
1337,Banco Hip Thrust 2.0 | HWM®,true,BENCH,SEMANTIC_COMPLETE,SEMANTIC_COMPLETE,true,,HIP_THRUST,,,,No unresolved blocker; baseline resolution is preserved.,None.,Preserved from the A00.6.6 resolved baseline.
1343,Agarre Ergonómico Neutro - Accesorio Polea | Obelix,true,CABLE_MACHINE,VERIFIED_NO_APPLICABLE_CAPABILITY,VERIFIED_NO_APPLICABLE_CAPABILITY,true,,,CABLE_RESISTANCE,,,No unresolved blocker; baseline resolution is preserved.,None.,Preserved from the A00.6.6 resolved baseline.
1344,Agarre Ergonómico Medio - Accesorio Polea | Obelix,true,CABLE_MACHINE,VERIFIED_NO_APPLICABLE_CAPABILITY,VERIFIED_NO_APPLICABLE_CAPABILITY,true,,,CABLE_RESISTANCE,,,No unresolved blocker; baseline resolution is preserved.,None.,Preserved from the A00.6.6 resolved baseline.
1345,Agarre Ergonómico Amplio - Accesorio Polea | Obelix,true,CABLE_MACHINE,VERIFIED_NO_APPLICABLE_CAPABILITY,VERIFIED_NO_APPLICABLE_CAPABILITY,true,,,CABLE_RESISTANCE,,,No unresolved blocker; baseline resolution is preserved.,None.,Preserved from the A00.6.6 resolved baseline.
1346,Soga de Tríceps Unilateral - Accesorio Polea | Obelix,true,CABLE_MACHINE,VERIFIED_NO_APPLICABLE_CAPABILITY,VERIFIED_NO_APPLICABLE_CAPABILITY,true,,,CABLE_RESISTANCE,,,No unresolved blocker; baseline resolution is preserved.,None.,Preserved from the A00.6.6 resolved baseline.
1347,Soga de Tríceps Ergonómica - Accesorio Polea | Obelix,true,CABLE_MACHINE,VERIFIED_NO_APPLICABLE_CAPABILITY,VERIFIED_NO_APPLICABLE_CAPABILITY,true,,,CABLE_RESISTANCE,,,No unresolved blocker; baseline resolution is preserved.,None.,Preserved from the A00.6.6 resolved baseline.
1348,Agarre Multipropósito - Accesorio Polea | Obelix,true,CABLE_MACHINE,VERIFIED_NO_APPLICABLE_CAPABILITY,VERIFIED_NO_APPLICABLE_CAPABILITY,true,,,CABLE_RESISTANCE,,,No unresolved blocker; baseline resolution is preserved.,None.,Preserved from the A00.6.6 resolved baseline.
1349,Agarre Manilla Simple de Caucho - Accesorio Polea (Par) | Obelix,true,CABLE_MACHINE,VERIFIED_NO_APPLICABLE_CAPABILITY,VERIFIED_NO_APPLICABLE_CAPABILITY,true,,,CABLE_RESISTANCE,,,No unresolved blocker; baseline resolution is preserved.,None.,Preserved from the A00.6.6 resolved baseline.
1350,"Barra Pulldown ""D"" Grip - Accesorio Polea | Obelix",true,CABLE_MACHINE,VERIFIED_NO_APPLICABLE_CAPABILITY,VERIFIED_NO_APPLICABLE_CAPABILITY,true,,,CABLE_RESISTANCE,,,No unresolved blocker; baseline resolution is preserved.,None.,Preserved from the A00.6.6 resolved baseline.
1351,Agarre Simple Landmine | HWM®,true,MACHINE_ATTACHMENT,VERIFIED_NO_APPLICABLE_CAPABILITY,VERIFIED_NO_APPLICABLE_CAPABILITY,true,,,,,,No unresolved blocker; baseline resolution is preserved.,None.,Preserved from the A00.6.6 resolved baseline.
1352,Agarre Amplio Landmine | HWM®,true,MACHINE_ATTACHMENT,VERIFIED_NO_APPLICABLE_CAPABILITY,VERIFIED_NO_APPLICABLE_CAPABILITY,true,,,,,,No unresolved blocker; baseline resolution is preserved.,None.,Preserved from the A00.6.6 resolved baseline.
1353,Agarre T-Bar Landmine | HWM®,true,MACHINE_ATTACHMENT,VERIFIED_NO_APPLICABLE_CAPABILITY,VERIFIED_NO_APPLICABLE_CAPABILITY,true,,,,,,No unresolved blocker; baseline resolution is preserved.,None.,Preserved from the A00.6.6 resolved baseline.
1354,Deadlift Jack Bar | HWM®,true,UNKNOWN,VERIFIED_NO_APPLICABLE_CAPABILITY,VERIFIED_NO_APPLICABLE_CAPABILITY,true,,,,,,No unresolved blocker; baseline resolution is preserved.,None.,Preserved from the A00.6.6 resolved baseline.
1386,Par Agarres OCR Pull Up Balls de Madera 90mm | Araknido,true,BODYWEIGHT_GYMNASTICS,VERIFIED_NO_APPLICABLE_CAPABILITY,VERIFIED_NO_APPLICABLE_CAPABILITY,true,,PULL_UP,,,,No unresolved blocker; baseline resolution is preserved.,None.,Preserved from the A00.6.6 resolved baseline.
1427,Polea de Muro 1.0 ZR Series | PROmachine,true,CABLE_MACHINE,DATA_GAP,SEMANTIC_COMPLETE,true,,,CABLE_RESISTANCE,,DATA_GAP,The prior audit did not distinguish a wall-mounted single cable station from a multifunction/crossover station.,None unless a separate explicit module is added to Product Truth.,The trusted Product Truth establishes one wall cable station and no explicit crossover geometry or exercise module. CABLE_RESISTANCE exhausts current V2 semantics.
1449,Banco Multifuncional + Bandas de Resistencia | Forza,true,BENCH,SEMANTIC_COMPLETE,SEMANTIC_COMPLETE,true,,LEG_CURL,,,,No unresolved blocker; baseline resolution is preserved.,None.,Preserved from the A00.6.6 resolved baseline.
1450,Máquina Home Gym PRO FZ402B 68kg | Forza,true,CABLE_MACHINE,SEMANTIC_COMPLETE,SEMANTIC_COMPLETE,true,,,CABLE_RESISTANCE,,ONTOLOGY_GAP,No unresolved blocker; baseline resolution is preserved.,None.,Preserved from the A00.6.6 resolved baseline.
1451,Máquina Home Gym ULTRA FZ410 68kg | Forza,true,CABLE_MACHINE,SEMANTIC_COMPLETE,SEMANTIC_COMPLETE,true,,,CABLE_RESISTANCE,,ONTOLOGY_GAP,No unresolved blocker; baseline resolution is preserved.,None.,Preserved from the A00.6.6 resolved baseline.
1452,Par Mini Barras Paralelas de Madera 7cm | Araknido,true,BODYWEIGHT_GYMNASTICS,SEMANTIC_COMPLETE,SEMANTIC_COMPLETE,true,,DIP|PULL_UP,BODYWEIGHT_SUPPORT,,,No unresolved blocker; baseline resolution is preserved.,None.,Preserved from the A00.6.6 resolved baseline.
1453,Par Barras Paralelas de Madera Standard 10cm | Araknido,true,BODYWEIGHT_GYMNASTICS,SEMANTIC_COMPLETE,SEMANTIC_COMPLETE,true,,DIP|PULL_UP,BODYWEIGHT_SUPPORT,,,No unresolved blocker; baseline resolution is preserved.,None.,Preserved from the A00.6.6 resolved baseline.
1454,Par Barras Paralelas de Madera High 17cm | Araknido,true,BODYWEIGHT_GYMNASTICS,SEMANTIC_COMPLETE,SEMANTIC_COMPLETE,true,,DIP|PULL_UP,BODYWEIGHT_SUPPORT,,,No unresolved blocker; baseline resolution is preserved.,None.,Preserved from the A00.6.6 resolved baseline.
1455,Wall Crossover Black ZR Series | PROmachine,true,CABLE_MACHINE,SEMANTIC_COMPLETE,SEMANTIC_COMPLETE,true,,,CABLE_RESISTANCE|MULTI_DIRECTIONAL_RESISTANCE,,ONTOLOGY_GAP,No unresolved blocker; baseline resolution is preserved.,None.,Preserved from the A00.6.6 resolved baseline.
1486,Bicicleta de Spinning 850S | VORTEC,true,CARDIO_MACHINE,VERIFIED_NO_APPLICABLE_CAPABILITY,VERIFIED_NO_APPLICABLE_CAPABILITY,true,,,,,,No unresolved blocker; baseline resolution is preserved.,None.,Preserved from the A00.6.6 resolved baseline.
1487,Bicicleta de Spinning 812NX | VORTEC,true,CARDIO_MACHINE,VERIFIED_NO_APPLICABLE_CAPABILITY,VERIFIED_NO_APPLICABLE_CAPABILITY,true,,,,,,No unresolved blocker; baseline resolution is preserved.,None.,Preserved from the A00.6.6 resolved baseline.
1500,Press de Hombro MO 2.0 Obelix®,true,SELECTORIZED_MACHINE,SEMANTIC_COMPLETE,SEMANTIC_COMPLETE,true,SHOULDER_PRESS,SHOULDER_PRESS,,,,No unresolved blocker; baseline resolution is preserved.,None.,Preserved from the A00.6.6 resolved baseline.
1501,Dual Dominada / Fondo Asistida MO 2.0 Obelix®,true,SELECTORIZED_MACHINE,SEMANTIC_COMPLETE,SEMANTIC_COMPLETE,true,,PULL_UP,,,,No unresolved blocker; baseline resolution is preserved.,None.,Preserved from the A00.6.6 resolved baseline.
1502,Curl Femoral Sentado MO 2.0 Obelix®,true,SELECTORIZED_MACHINE,SEMANTIC_COMPLETE,SEMANTIC_COMPLETE,true,LEG_CURL,LEG_CURL,,,,No unresolved blocker; baseline resolution is preserved.,None.,Preserved from the A00.6.6 resolved baseline.
1503,Remo Bajo MO 2.0 | Obelix®,true,SELECTORIZED_MACHINE,SEMANTIC_COMPLETE,SEMANTIC_COMPLETE,true,ROW,ROW,CABLE_RESISTANCE,,,No unresolved blocker; baseline resolution is preserved.,None.,Preserved from the A00.6.6 resolved baseline.
1504,Dual Cuádriceps / Femoral Sentado MO 2.0 | Obelix®,true,SELECTORIZED_MACHINE,NEEDS_REVIEW,SEMANTIC_COMPLETE,true,LEG_CURL|LEG_EXTENSION,LEG_CURL|LEG_EXTENSION,,,QUALITY_REVIEW,The dual seated quadriceps/femoral modules were retained as review candidates instead of direct capabilities.,None for current V2 semantics.,The canonical product name explicitly identifies both seated leg-extension and leg-curl modules; V2.1 emits each independently.
1505,Dual Abductor / Aductor MO 2.0 | Obelix®,true,SELECTORIZED_MACHINE,SEMANTIC_COMPLETE,SEMANTIC_COMPLETE,true,ABDUCTOR|ADDUCTOR,ABDUCTOR|ADDUCTOR,,,,No unresolved blocker; baseline resolution is preserved.,None.,Preserved from the A00.6.6 resolved baseline.
1506,Dual Polea Alta / Remo Bajo MO 2.0 | Obelix®,true,CABLE_MACHINE,SEMANTIC_COMPLETE,SEMANTIC_COMPLETE,true,LAT_PULLDOWN|ROW,LAT_PULLDOWN|ROW,CABLE_RESISTANCE,,,No unresolved blocker; baseline resolution is preserved.,None.,Preserved from the A00.6.6 resolved baseline.
1507,Dual Bíceps / Tríceps MO 2.0 | Obelix®,true,SELECTORIZED_MACHINE,SEMANTIC_COMPLETE,SEMANTIC_COMPLETE,true,,BICEPS_CURL|TRICEPS_EXTENSION,,,ONTOLOGY_GAP,No unresolved blocker; baseline resolution is preserved.,None.,Preserved from the A00.6.6 resolved baseline.
1508,Dual Press Pectoral / Hombros MO 2.0 | Obelix®,true,SELECTORIZED_MACHINE,NEEDS_REVIEW,SEMANTIC_COMPLETE,true,CHEST_PRESS|SHOULDER_PRESS,CHEST_PRESS|SHOULDER_PRESS,,,QUALITY_REVIEW,The named pectoral and shoulder press modules were retained as review candidates.,None for current V2 semantics.,The canonical product name explicitly identifies pectoral and shoulder press modules; generic press names remain excluded.
1509,Air Rower 2.0 Smart Connect | XEBEX,true,CARDIO_MACHINE,VERIFIED_NO_APPLICABLE_CAPABILITY,VERIFIED_NO_APPLICABLE_CAPABILITY,true,,,,,,No unresolved blocker; baseline resolution is preserved.,None.,Preserved from the A00.6.6 resolved baseline.
1511,Elevación de Talones Sentado MO 2.0 | Obelix®,true,PLATE_LOADED_MACHINE,SEMANTIC_COMPLETE,SEMANTIC_COMPLETE,true,,CALF_RAISE,,,ONTOLOGY_GAP,No unresolved blocker; baseline resolution is preserved.,None.,Preserved from the A00.6.6 resolved baseline.
1512,Squat Rack MO 2.0 | Obelix®,true,RACK_CAGE,VERIFIED_NO_APPLICABLE_CAPABILITY,VERIFIED_NO_APPLICABLE_CAPABILITY,true,,,BARBELL_SUPPORT,,,No unresolved blocker; baseline resolution is preserved.,None.,Preserved from the A00.6.6 resolved baseline.
1516,Polea Cruzada MO 2.0 | Obelix®,true,CABLE_MACHINE,DATA_GAP,SEMANTIC_COMPLETE,true,,,CABLE_RESISTANCE|MULTI_DIRECTIONAL_RESISTANCE,,DATA_GAP,The input exposed cable resistance but did not encode the crossover geometry of the named station.,None for current V2 semantics.,Polea Cruzada is the canonical crossover geometry and is corroborated by the trusted cable-machine category.
1517,Polea Cruzada Corta MO 2.0 | Obelix®,true,CABLE_MACHINE,DATA_GAP,SEMANTIC_COMPLETE,true,,,CABLE_RESISTANCE|MULTI_DIRECTIONAL_RESISTANCE,,DATA_GAP,The input exposed cable resistance but did not encode the crossover geometry of the named station.,None for current V2 semantics.,Polea Cruzada is the canonical crossover geometry and is corroborated by the trusted cable-machine category.
1535,Atril de Sentadillas Delta | HWM®,true,RACK_CAGE,SEMANTIC_COMPLETE,SEMANTIC_COMPLETE,true,,,BARBELL_SUPPORT,,ONTOLOGY_GAP,No unresolved blocker; baseline resolution is preserved.,None.,Preserved from the A00.6.6 resolved baseline.
1536,Squat Rack Delta | HWM®,true,RACK_CAGE,VERIFIED_NO_APPLICABLE_CAPABILITY,VERIFIED_NO_APPLICABLE_CAPABILITY,true,,,BARBELL_SUPPORT,,,No unresolved blocker; baseline resolution is preserved.,None.,Preserved from the A00.6.6 resolved baseline.
1537,Half Rack Delta | HWM®,true,RACK_CAGE,SEMANTIC_COMPLETE,SEMANTIC_COMPLETE,true,PULL_UP,PULL_UP,BARBELL_SUPPORT,,,No unresolved blocker; baseline resolution is preserved.,None.,Preserved from the A00.6.6 resolved baseline.
1538,Power Rack Delta | HWM®,true,RACK_CAGE,SEMANTIC_COMPLETE,SEMANTIC_COMPLETE,true,PULL_UP,PULL_UP,BARBELL_SUPPORT,,,No unresolved blocker; baseline resolution is preserved.,None.,Preserved from the A00.6.6 resolved baseline.
1539,Atril de Sentadillas Alpha | HWM®,true,RACK_CAGE,SEMANTIC_COMPLETE,SEMANTIC_COMPLETE,true,,,BARBELL_SUPPORT,,ONTOLOGY_GAP,No unresolved blocker; baseline resolution is preserved.,None.,Preserved from the A00.6.6 resolved baseline.
1540,Squat Rack Alpha | HWM®,true,RACK_CAGE,VERIFIED_NO_APPLICABLE_CAPABILITY,VERIFIED_NO_APPLICABLE_CAPABILITY,true,,,BARBELL_SUPPORT,,,No unresolved blocker; baseline resolution is preserved.,None.,Preserved from the A00.6.6 resolved baseline.
1541,Half Rack Alpha | HWM®,true,RACK_CAGE,SEMANTIC_COMPLETE,SEMANTIC_COMPLETE,true,PULL_UP,PULL_UP,BARBELL_SUPPORT,,,No unresolved blocker; baseline resolution is preserved.,None.,Preserved from the A00.6.6 resolved baseline.
1543,Power Rack Alpha | HWM®,true,RACK_CAGE,SEMANTIC_COMPLETE,SEMANTIC_COMPLETE,true,,DIP|PULL_UP,BARBELL_SUPPORT,,,No unresolved blocker; baseline resolution is preserved.,None.,Preserved from the A00.6.6 resolved baseline.
1544,Atril de Sentadillas Magnum | HWM®,true,RACK_CAGE,SEMANTIC_COMPLETE,SEMANTIC_COMPLETE,true,,,BARBELL_SUPPORT,,ONTOLOGY_GAP,No unresolved blocker; baseline resolution is preserved.,None.,Preserved from the A00.6.6 resolved baseline.
1545,Squat Rack Magnum | HWM®,true,RACK_CAGE,VERIFIED_NO_APPLICABLE_CAPABILITY,VERIFIED_NO_APPLICABLE_CAPABILITY,true,,,BARBELL_SUPPORT,,,No unresolved blocker; baseline resolution is preserved.,None.,Preserved from the A00.6.6 resolved baseline.
1546,Half Rack Magnum | HWM®,true,RACK_CAGE,SEMANTIC_COMPLETE,SEMANTIC_COMPLETE,true,PULL_UP,PULL_UP,BARBELL_SUPPORT,,,No unresolved blocker; baseline resolution is preserved.,None.,Preserved from the A00.6.6 resolved baseline.
1547,Power Rack Magnum | HWM®,true,RACK_CAGE,SEMANTIC_COMPLETE,SEMANTIC_COMPLETE,true,PULL_UP,PULL_UP,BARBELL_SUPPORT,,,No unresolved blocker; baseline resolution is preserved.,None.,Preserved from the A00.6.6 resolved baseline.
1551,Banco Multifunción Leg/Curl Extension ZR Series | PROmachine,true,BENCH,SEMANTIC_COMPLETE,SEMANTIC_COMPLETE,true,,LEG_CURL,,,,No unresolved blocker; baseline resolution is preserved.,None.,Preserved from the A00.6.6 resolved baseline.
1578,Par Agarres OCR Pull Up Bars de Madera 60mm | Araknido,true,BODYWEIGHT_GYMNASTICS,VERIFIED_NO_APPLICABLE_CAPABILITY,VERIFIED_NO_APPLICABLE_CAPABILITY,true,,PULL_UP,,,,No unresolved blocker; baseline resolution is preserved.,None.,Preserved from the A00.6.6 resolved baseline.
1604,Powerlifting Combo Rack Heavy Duty | KONG,true,RACK_CAGE,AMBIGUOUS,SEMANTIC_COMPLETE,true,,,BARBELL_SUPPORT,,AMBIGUITY,The prior state treated the explicit combo-rack support product as unresolved because powerlifting terminology was not allowed to infer exercises.,None unless explicit pull-up/dip or another supported module is added.,"BARBELL_SUPPORT is explicit and exhaustive for current V2 Product Truth. Powerlifting does not infer SQUAT, BENCH_PRESS or DEADLIFT."
1619,Pack Dúo Leg Curl/Extension MO 2.0 | Obelix,true,UNKNOWN,SEMANTIC_COMPLETE,SEMANTIC_COMPLETE,true,LEG_CURL|LEG_EXTENSION,LEG_CURL|LEG_EXTENSION,,,,No unresolved blocker; baseline resolution is preserved.,None.,Preserved from the A00.6.6 resolved baseline.
1620,Pack Dúo Abductor/Aductor MO 2.0 | Obelix,true,UNKNOWN,SEMANTIC_COMPLETE,SEMANTIC_COMPLETE,true,ABDUCTOR|ADDUCTOR,ABDUCTOR|ADDUCTOR,,,,No unresolved blocker; baseline resolution is preserved.,None.,Preserved from the A00.6.6 resolved baseline.
1621,Pack 4 Bicicletas de Spinning Training Lite Series | Obelix,true,CARDIO_MACHINE,VERIFIED_NO_APPLICABLE_CAPABILITY,VERIFIED_NO_APPLICABLE_CAPABILITY,true,,,,,,No unresolved blocker; baseline resolution is preserved.,None.,Preserved from the A00.6.6 resolved baseline.
1653,Hip Thrust de Pie MO 2.0 | Obelix®,true,PLATE_LOADED_MACHINE,SEMANTIC_COMPLETE,SEMANTIC_COMPLETE,true,HIP_THRUST,HIP_THRUST,,,,No unresolved blocker; baseline resolution is preserved.,None.,Preserved from the A00.6.6 resolved baseline.
1654,V-Squat Beast | Obelix,true,PLATE_LOADED_MACHINE,SEMANTIC_COMPLETE,SEMANTIC_COMPLETE,true,,HACK_SQUAT,,,ONTOLOGY_GAP,No unresolved blocker; baseline resolution is preserved.,None.,Preserved from the A00.6.6 resolved baseline.
1655,Prensa Pivote Beast | Obelix,true,PLATE_LOADED_MACHINE,SEMANTIC_COMPLETE,SEMANTIC_COMPLETE,true,,LEG_PRESS,,,ONTOLOGY_GAP,No unresolved blocker; baseline resolution is preserved.,None.,Preserved from the A00.6.6 resolved baseline.
1656,Extensión de Cuádriceps Iso Lateral Beast | Obelix,true,PLATE_LOADED_MACHINE,SEMANTIC_COMPLETE,SEMANTIC_COMPLETE,true,LEG_EXTENSION,LEG_EXTENSION,,,,No unresolved blocker; baseline resolution is preserved.,None.,Preserved from the A00.6.6 resolved baseline.
1657,Curl Femoral Acostado Iso Lateral Beast | Obelix,true,PLATE_LOADED_MACHINE,SEMANTIC_COMPLETE,SEMANTIC_COMPLETE,true,LEG_CURL,LEG_CURL,,,,No unresolved blocker; baseline resolution is preserved.,None.,Preserved from the A00.6.6 resolved baseline.
1658,Prensa Inclinada 45° Lineal Beast | Obelix,true,PLATE_LOADED_MACHINE,SEMANTIC_COMPLETE,SEMANTIC_COMPLETE,true,,LEG_PRESS,,,ONTOLOGY_GAP,No unresolved blocker; baseline resolution is preserved.,None.,Preserved from the A00.6.6 resolved baseline.
1660,Dual Prensa Hack Beast | Obelix,true,PLATE_LOADED_MACHINE,SEMANTIC_COMPLETE,SEMANTIC_COMPLETE,true,,HACK_SQUAT|LEG_PRESS,,,ONTOLOGY_GAP,No unresolved blocker; baseline resolution is preserved.,None.,Preserved from the A00.6.6 resolved baseline.
1661,Prensa Hack 35º Lineal Beast | Obelix,true,PLATE_LOADED_MACHINE,SEMANTIC_COMPLETE,SEMANTIC_COMPLETE,true,,HACK_SQUAT,,,ONTOLOGY_GAP,No unresolved blocker; baseline resolution is preserved.,None.,Preserved from the A00.6.6 resolved baseline.
1662,Prensa Vertical 90º Beast | Obelix,true,PLATE_LOADED_MACHINE,SEMANTIC_COMPLETE,SEMANTIC_COMPLETE,true,,LEG_PRESS,,,ONTOLOGY_GAP,No unresolved blocker; baseline resolution is preserved.,None.,Preserved from the A00.6.6 resolved baseline.
1663,Prensa Péndulo Beast | Obelix,true,PLATE_LOADED_MACHINE,SEMANTIC_COMPLETE,SEMANTIC_COMPLETE,true,,PENDULUM_SQUAT,,,ONTOLOGY_GAP,No unresolved blocker; baseline resolution is preserved.,None.,Preserved from the A00.6.6 resolved baseline.
1664,Multi Fly de Pie MO 2.0 | Obelix®,true,SELECTORIZED_MACHINE,SEMANTIC_COMPLETE,SEMANTIC_COMPLETE,true,,PEC_DECK|REAR_DELT_FLY,CABLE_RESISTANCE,,ONTOLOGY_GAP,No unresolved blocker; baseline resolution is preserved.,None.,Preserved from the A00.6.6 resolved baseline.
1705,Barra Pull Up Para Puerta 2.0 | Forza,true,BODYWEIGHT_GYMNASTICS,SEMANTIC_COMPLETE,SEMANTIC_COMPLETE,true,PULL_UP,PULL_UP,,,,No unresolved blocker; baseline resolution is preserved.,None.,Preserved from the A00.6.6 resolved baseline.
1707,Squat Rack Ajustable Con Soporte De Fondos | Forza,true,RACK_CAGE,SEMANTIC_COMPLETE,SEMANTIC_COMPLETE,true,,DIP,BARBELL_SUPPORT,,,No unresolved blocker; baseline resolution is preserved.,None.,Preserved from the A00.6.6 resolved baseline.
1708,Trotadora Home FZ100 Pro | Forza,true,CARDIO_MACHINE,VERIFIED_NO_APPLICABLE_CAPABILITY,VERIFIED_NO_APPLICABLE_CAPABILITY,true,,,,,,No unresolved blocker; baseline resolution is preserved.,None.,Preserved from the A00.6.6 resolved baseline.
1807,Par J-Cups Accesorio Delta | HWM®,true,MACHINE_ATTACHMENT,VERIFIED_NO_APPLICABLE_CAPABILITY,VERIFIED_NO_APPLICABLE_CAPABILITY,true,,,,,,No unresolved blocker; baseline resolution is preserved.,None.,Preserved from the A00.6.6 resolved baseline.
1808,Landmine de Suelo Accesorio Delta | HWM®,true,MACHINE_ATTACHMENT,VERIFIED_NO_APPLICABLE_CAPABILITY,VERIFIED_NO_APPLICABLE_CAPABILITY,true,,,,,,No unresolved blocker; baseline resolution is preserved.,None.,Preserved from the A00.6.6 resolved baseline.
1809,Landmine 1.0 Accesorio Delta | HWM®,true,MACHINE_ATTACHMENT,VERIFIED_NO_APPLICABLE_CAPABILITY,VERIFIED_NO_APPLICABLE_CAPABILITY,true,,,,,,No unresolved blocker; baseline resolution is preserved.,None.,Preserved from the A00.6.6 resolved baseline.
1810,Barra Pull Up Multigrip Accesorio Delta | HWM®,true,BODYWEIGHT_GYMNASTICS,VERIFIED_NO_APPLICABLE_CAPABILITY,VERIFIED_NO_APPLICABLE_CAPABILITY,true,,PULL_UP,,,,No unresolved blocker; baseline resolution is preserved.,None.,Preserved from the A00.6.6 resolved baseline.
1811,Polea Crossover Accesorio Delta | HWM®,true,CABLE_MACHINE,VERIFIED_NO_APPLICABLE_CAPABILITY,VERIFIED_NO_APPLICABLE_CAPABILITY,true,,,CABLE_RESISTANCE|MULTI_DIRECTIONAL_RESISTANCE,,,No unresolved blocker; baseline resolution is preserved.,None.,Preserved from the A00.6.6 resolved baseline.
1813,Polea Alta/Remo Accesorio Delta | HWM®,true,CABLE_MACHINE,VERIFIED_NO_APPLICABLE_CAPABILITY,VERIFIED_NO_APPLICABLE_CAPABILITY,true,,,CABLE_RESISTANCE,,,No unresolved blocker; baseline resolution is preserved.,None.,Preserved from the A00.6.6 resolved baseline.
1814,Soporte de Barra x1 Accesorio Delta | HWM®,true,MACHINE_ATTACHMENT,VERIFIED_NO_APPLICABLE_CAPABILITY,VERIFIED_NO_APPLICABLE_CAPABILITY,true,,,,,,No unresolved blocker; baseline resolution is preserved.,None.,Preserved from the A00.6.6 resolved baseline.
1815,Soporte de Barra x2 Accesorio Delta | HWM®,true,MACHINE_ATTACHMENT,VERIFIED_NO_APPLICABLE_CAPABILITY,VERIFIED_NO_APPLICABLE_CAPABILITY,true,,,,,,No unresolved blocker; baseline resolution is preserved.,None.,Preserved from the A00.6.6 resolved baseline.
1816,Par de Soportes Para Discos Olímpicos Accesorio Delta | HWM®,true,MACHINE_ATTACHMENT,VERIFIED_NO_APPLICABLE_CAPABILITY,VERIFIED_NO_APPLICABLE_CAPABILITY,true,,,,,,No unresolved blocker; baseline resolution is preserved.,None.,Preserved from the A00.6.6 resolved baseline.
1817,Soporte Para Fondos Accesorio Delta | HWM®,true,MACHINE_ATTACHMENT,VERIFIED_NO_APPLICABLE_CAPABILITY,VERIFIED_NO_APPLICABLE_CAPABILITY,true,,,BODYWEIGHT_SUPPORT,,,No unresolved blocker; baseline resolution is preserved.,None.,Preserved from the A00.6.6 resolved baseline.
1832,Preacher Pad Biceps Curl | Rising,true,UNKNOWN,VERIFIED_NO_APPLICABLE_CAPABILITY,VERIFIED_NO_APPLICABLE_CAPABILITY,true,,BICEPS_CURL,,,,No unresolved blocker; baseline resolution is preserved.,None.,Preserved from the A00.6.6 resolved baseline.
1856,Rack Multifuncional Pull Up / Dip Bar | Rising,true,BODYWEIGHT_GYMNASTICS,SEMANTIC_COMPLETE,SEMANTIC_COMPLETE,true,,DIP|PULL_UP,BARBELL_SUPPORT|BODYWEIGHT_SUPPORT,,,No unresolved blocker; baseline resolution is preserved.,None.,Preserved from the A00.6.6 resolved baseline.
1858,Barra Pull Up de Muro | Rising,true,BODYWEIGHT_GYMNASTICS,SEMANTIC_COMPLETE,SEMANTIC_COMPLETE,true,,PULL_UP,,,,No unresolved blocker; baseline resolution is preserved.,None.,Preserved from the A00.6.6 resolved baseline.
1862,Jaula Smith Machine ZR Series | PROmachine,true,PLATE_LOADED_MACHINE,SEMANTIC_COMPLETE,SEMANTIC_COMPLETE,true,PULL_UP,PULL_UP,GUIDED_BARBELL_SUPPORT,,,No unresolved blocker; baseline resolution is preserved.,None.,Preserved from the A00.6.6 resolved baseline.
1880,Dual Bíceps/Tríceps ZR Series | PROmachine,true,PLATE_LOADED_MACHINE,VERIFIED_NO_APPLICABLE_CAPABILITY,VERIFIED_NO_APPLICABLE_CAPABILITY,true,,BICEPS_CURL|TRICEPS_EXTENSION,,,,No unresolved blocker; baseline resolution is preserved.,None.,Preserved from the A00.6.6 resolved baseline.
1881,Escalera Home Led S1 Series | Obelix®,true,CARDIO_MACHINE,VERIFIED_NO_APPLICABLE_CAPABILITY,VERIFIED_NO_APPLICABLE_CAPABILITY,true,,,,,,No unresolved blocker; baseline resolution is preserved.,None.,Preserved from the A00.6.6 resolved baseline.
1884,Squat Machine ZR Series | PROmachine,true,PLATE_LOADED_MACHINE,SEMANTIC_COMPLETE,SEMANTIC_COMPLETE,true,,HACK_SQUAT,,,ONTOLOGY_GAP,No unresolved blocker; baseline resolution is preserved.,None.,Preserved from the A00.6.6 resolved baseline.
1885,Remo Sentado ISO ZR Series | PROmachine,true,PLATE_LOADED_MACHINE,SEMANTIC_COMPLETE,SEMANTIC_COMPLETE,true,ROW,ROW,,,,No unresolved blocker; baseline resolution is preserved.,None.,Preserved from the A00.6.6 resolved baseline.
1886,T-Bar Row ZR Series | PROmachine,true,PLATE_LOADED_MACHINE,VERIFIED_NO_APPLICABLE_CAPABILITY,VERIFIED_NO_APPLICABLE_CAPABILITY,true,,ROW,,,,No unresolved blocker; baseline resolution is preserved.,None.,Preserved from the A00.6.6 resolved baseline.
1887,Polea Alta/Remo ZR Series | PROmachine,true,CABLE_MACHINE,SEMANTIC_COMPLETE,SEMANTIC_COMPLETE,true,,LAT_PULLDOWN|ROW,CABLE_RESISTANCE,,,No unresolved blocker; baseline resolution is preserved.,None.,Preserved from the A00.6.6 resolved baseline.
1918,Trotadora Comercial S1Pro Series TFT Touch | Obelix®,true,CARDIO_MACHINE,VERIFIED_NO_APPLICABLE_CAPABILITY,VERIFIED_NO_APPLICABLE_CAPABILITY,true,,,,,,No unresolved blocker; baseline resolution is preserved.,None.,Preserved from the A00.6.6 resolved baseline.
1921,Dual Crossover MO 2.0 | Obelix®,true,CABLE_MACHINE,SEMANTIC_COMPLETE,SEMANTIC_COMPLETE,true,,,CABLE_RESISTANCE|MULTI_DIRECTIONAL_RESISTANCE,,ONTOLOGY_GAP,No unresolved blocker; baseline resolution is preserved.,None.,Preserved from the A00.6.6 resolved baseline.
1922,Multipower MO 2.0 | Obelix®,true,PLATE_LOADED_MACHINE,SEMANTIC_COMPLETE,SEMANTIC_COMPLETE,true,,,CABLE_RESISTANCE|GUIDED_BARBELL_SUPPORT,,ONTOLOGY_GAP,No unresolved blocker; baseline resolution is preserved.,None.,Preserved from the A00.6.6 resolved baseline.
1945,Pack Delta Basics | HWM®,true,UNKNOWN,AMBIGUOUS,AMBIGUOUS,false,,,,,AMBIGUITY,The pack exposes component labels but no governed component product IDs or configuration relationship.,Add trusted component membership/SKU relationships and a governed bundle projection policy.,A package-level union cannot be defended from generic component labels; projecting support or exercise semantics would risk arbitrary inheritance.
1946,Pack Delta Pro | HWM®,true,UNKNOWN,AMBIGUOUS,AMBIGUOUS,false,,,,,AMBIGUITY,The pack exposes component labels but no governed component product IDs or configuration relationship.,Add trusted component membership/SKU relationships and a governed bundle projection policy.,A package-level union cannot be defended from generic component labels; the apparent pulley/row component cannot be safely projected.
1947,Pack Alpha Essentials | HWM®,true,UNKNOWN,AMBIGUOUS,AMBIGUOUS,false,,,,,AMBIGUITY,The pack exposes component labels but no governed component product IDs or configuration relationship.,Add trusted component membership/SKU relationships and a governed bundle projection policy.,"The package name cannot inherit a squat or exercise capability, and generic rack text is insufficient for a governed component projection."
1948,Pack Alpha Premium | HWM®,true,UNKNOWN,AMBIGUOUS,AMBIGUOUS,false,,,,,AMBIGUITY,The pack exposes component labels but no governed component product IDs or configuration relationship.,Add trusted component membership/SKU relationships and a governed bundle projection policy.,"The package name cannot inherit a squat or exercise capability, and generic rack text is insufficient for a governed component projection."
1995,Almohadilla Búlgara Accesorio Alpha | HWM®,true,MACHINE_ATTACHMENT,VERIFIED_NO_APPLICABLE_CAPABILITY,VERIFIED_NO_APPLICABLE_CAPABILITY,true,,,,,,No unresolved blocker; baseline resolution is preserved.,None.,Preserved from the A00.6.6 resolved baseline.
1996,Asiento Polea Accesorio Alpha | HWM®,true,CABLE_MACHINE,VERIFIED_NO_APPLICABLE_CAPABILITY,VERIFIED_NO_APPLICABLE_CAPABILITY,true,,,CABLE_RESISTANCE,,,No unresolved blocker; baseline resolution is preserved.,None.,Preserved from the A00.6.6 resolved baseline.
1997,Par J-Cups Accesorio Alpha | HWM®,true,MACHINE_ATTACHMENT,VERIFIED_NO_APPLICABLE_CAPABILITY,VERIFIED_NO_APPLICABLE_CAPABILITY,true,,,,,,No unresolved blocker; baseline resolution is preserved.,None.,Preserved from the A00.6.6 resolved baseline.
1998,Landmine 360º Accesorio Alpha | HWM®,true,MACHINE_ATTACHMENT,VERIFIED_NO_APPLICABLE_CAPABILITY,VERIFIED_NO_APPLICABLE_CAPABILITY,true,,,,,,No unresolved blocker; baseline resolution is preserved.,None.,Preserved from the A00.6.6 resolved baseline.
1999,Cable Polea Rack Pro 2.0 Accesorio Alpha | HWM®,true,CABLE_MACHINE,VERIFIED_NO_APPLICABLE_CAPABILITY,VERIFIED_NO_APPLICABLE_CAPABILITY,true,,,BARBELL_SUPPORT|CABLE_RESISTANCE,,,No unresolved blocker; baseline resolution is preserved.,None.,Preserved from the A00.6.6 resolved baseline.
2001,Roller de Antebrazo Accesorio Alpha | HWM®,true,MACHINE_ATTACHMENT,VERIFIED_NO_APPLICABLE_CAPABILITY,VERIFIED_NO_APPLICABLE_CAPABILITY,true,,,,,,No unresolved blocker; baseline resolution is preserved.,None.,Preserved from the A00.6.6 resolved baseline.
2002,Soporte de Barra x2 Accesorio Alpha | HWM®,true,MACHINE_ATTACHMENT,VERIFIED_NO_APPLICABLE_CAPABILITY,VERIFIED_NO_APPLICABLE_CAPABILITY,true,,,,,,No unresolved blocker; baseline resolution is preserved.,None.,Preserved from the A00.6.6 resolved baseline.
2003,Soporte de Barra x1 Accesorio Alpha | HWM®,true,MACHINE_ATTACHMENT,VERIFIED_NO_APPLICABLE_CAPABILITY,VERIFIED_NO_APPLICABLE_CAPABILITY,true,,,,,,No unresolved blocker; baseline resolution is preserved.,None.,Preserved from the A00.6.6 resolved baseline.
2004,Dip Horns Soporte Para Fondos Accesorio Alpha | HWM®,true,MACHINE_ATTACHMENT,VERIFIED_NO_APPLICABLE_CAPABILITY,VERIFIED_NO_APPLICABLE_CAPABILITY,true,,,BODYWEIGHT_SUPPORT,,,No unresolved blocker; baseline resolution is preserved.,None.,Preserved from the A00.6.6 resolved baseline.
2005,Par Spotter Arms Accesorio Alpha | HWM®,true,MACHINE_ATTACHMENT,VERIFIED_NO_APPLICABLE_CAPABILITY,VERIFIED_NO_APPLICABLE_CAPABILITY,true,,,,,,No unresolved blocker; baseline resolution is preserved.,None.,Preserved from the A00.6.6 resolved baseline.
2006,Polea Lateral Dual Accesorio Alpha | HWM®,true,CABLE_MACHINE,VERIFIED_NO_APPLICABLE_CAPABILITY,VERIFIED_NO_APPLICABLE_CAPABILITY,true,,,CABLE_RESISTANCE,,,No unresolved blocker; baseline resolution is preserved.,None.,Preserved from the A00.6.6 resolved baseline.
2007,Barra Pull Up Accesorio Alpha | HWM®,true,BODYWEIGHT_GYMNASTICS,VERIFIED_NO_APPLICABLE_CAPABILITY,VERIFIED_NO_APPLICABLE_CAPABILITY,true,,PULL_UP,,,,No unresolved blocker; baseline resolution is preserved.,None.,Preserved from the A00.6.6 resolved baseline.
2008,Polea Alta/Remo Accesorio Alpha | HWM®,true,CABLE_MACHINE,VERIFIED_NO_APPLICABLE_CAPABILITY,VERIFIED_NO_APPLICABLE_CAPABILITY,true,,,CABLE_RESISTANCE,,,No unresolved blocker; baseline resolution is preserved.,None.,Preserved from the A00.6.6 resolved baseline.
2016,Bowl Porta Magnesio Accesorio Alpha | HWM®,true,MACHINE_ATTACHMENT,VERIFIED_NO_APPLICABLE_CAPABILITY,VERIFIED_NO_APPLICABLE_CAPABILITY,true,,,,,,No unresolved blocker; baseline resolution is preserved.,None.,Preserved from the A00.6.6 resolved baseline.
2017,Barra Pull Up Multigrip Accesorio Alpha | HWM®,true,BODYWEIGHT_GYMNASTICS,VERIFIED_NO_APPLICABLE_CAPABILITY,VERIFIED_NO_APPLICABLE_CAPABILITY,true,,PULL_UP,,,,No unresolved blocker; baseline resolution is preserved.,None.,Preserved from the A00.6.6 resolved baseline.
2018,Prensa Inclinada 45° Unilateral MO 2.0 | Obelix®,true,PLATE_LOADED_MACHINE,SEMANTIC_COMPLETE,SEMANTIC_COMPLETE,true,,LEG_PRESS,,,ONTOLOGY_GAP,No unresolved blocker; baseline resolution is preserved.,None.,Preserved from the A00.6.6 resolved baseline.
2019,V-Squat | Peach Builder,true,PLATE_LOADED_MACHINE,SEMANTIC_COMPLETE,SEMANTIC_COMPLETE,true,,HACK_SQUAT,,,ONTOLOGY_GAP,No unresolved blocker; baseline resolution is preserved.,None.,Preserved from the A00.6.6 resolved baseline.
2020,Hip Thrust | Peach Builder,true,PLATE_LOADED_MACHINE,SEMANTIC_COMPLETE,SEMANTIC_COMPLETE,true,HIP_THRUST,HIP_THRUST,,,,No unresolved blocker; baseline resolution is preserved.,None.,Preserved from the A00.6.6 resolved baseline.
2021,Belt Squat | Peach Builder,true,PLATE_LOADED_MACHINE,SEMANTIC_COMPLETE,SEMANTIC_COMPLETE,true,,BELT_SQUAT,,,ONTOLOGY_GAP,No unresolved blocker; baseline resolution is preserved.,None.,Preserved from the A00.6.6 resolved baseline.
2022,Reverse Hyper | Peach Builder,true,PLATE_LOADED_MACHINE,SEMANTIC_COMPLETE,SEMANTIC_COMPLETE,true,,REVERSE_HYPER,,,ONTOLOGY_GAP,No unresolved blocker; baseline resolution is preserved.,None.,Preserved from the A00.6.6 resolved baseline.
2023,Abductor de Pie | Peach Builder,true,PLATE_LOADED_MACHINE,SEMANTIC_COMPLETE,SEMANTIC_COMPLETE,true,ABDUCTOR,ABDUCTOR,,,,No unresolved blocker; baseline resolution is preserved.,None.,Preserved from the A00.6.6 resolved baseline.
2024,Hip Thrust de Pie | Peach Builder,true,PLATE_LOADED_MACHINE,SEMANTIC_COMPLETE,SEMANTIC_COMPLETE,true,HIP_THRUST,HIP_THRUST,,,,No unresolved blocker; baseline resolution is preserved.,None.,Preserved from the A00.6.6 resolved baseline.
2025,Multi Hip Extension | Peach Builder,true,PLATE_LOADED_MACHINE,DATA_GAP,DATA_GAP,false,,,,,DATA_GAP,"The trusted structured input names hip extension but lacks the mechanism needed to distinguish hip thrust, reverse hyper or another current capability.","Obtain trusted mechanism/module metadata; if it is a distinct movement, evaluate a future ontology change.","Hip Extension is not synonymous with HIP_THRUST, and no current V2 capability can be defended without the missing mechanism fact."
2026,Multi Dead Lift | Peach Builder,true,PLATE_LOADED_MACHINE,SEMANTIC_COMPLETE,SEMANTIC_COMPLETE,true,,DEADLIFT,,,ONTOLOGY_GAP,No unresolved blocker; baseline resolution is preserved.,None.,Preserved from the A00.6.6 resolved baseline.
2051,Bicicleta Reclinada NextGen EB8800 | Obelix,true,CARDIO_MACHINE,VERIFIED_NO_APPLICABLE_CAPABILITY,VERIFIED_NO_APPLICABLE_CAPABILITY,true,,,,,,No unresolved blocker; baseline resolution is preserved.,None.,Preserved from the A00.6.6 resolved baseline.
2053,Bicicleta de Spinning Home FZPRO | Forza,true,CARDIO_MACHINE,VERIFIED_NO_APPLICABLE_CAPABILITY,VERIFIED_NO_APPLICABLE_CAPABILITY,true,,,,,,No unresolved blocker; baseline resolution is preserved.,None.,Preserved from the A00.6.6 resolved baseline.
2055,Bicicleta Reclinada Magnética Home FZLUX | Forza,true,CARDIO_MACHINE,VERIFIED_NO_APPLICABLE_CAPABILITY,VERIFIED_NO_APPLICABLE_CAPABILITY,true,,,,,,No unresolved blocker; baseline resolution is preserved.,None.,Preserved from the A00.6.6 resolved baseline.
2056,Elíptica Magnética Home FZLUX | Forza,true,CARDIO_MACHINE,VERIFIED_NO_APPLICABLE_CAPABILITY,VERIFIED_NO_APPLICABLE_CAPABILITY,true,,,,,,No unresolved blocker; baseline resolution is preserved.,None.,Preserved from the A00.6.6 resolved baseline.
2057,Bicicleta Estática Magnética Home FZLUX | Forza,true,CARDIO_MACHINE,VERIFIED_NO_APPLICABLE_CAPABILITY,VERIFIED_NO_APPLICABLE_CAPABILITY,true,,,,,,No unresolved blocker; baseline resolution is preserved.,None.,Preserved from the A00.6.6 resolved baseline.
2058,Wall Rack Plegable Alpha | HWM®,true,RACK_CAGE,SEMANTIC_COMPLETE,SEMANTIC_COMPLETE,true,,DIP|PULL_UP,BARBELL_SUPPORT,,,No unresolved blocker; baseline resolution is preserved.,None.,Preserved from the A00.6.6 resolved baseline.
2059,Barra Pull Ups Multigrip Pro | HWM®,true,BODYWEIGHT_GYMNASTICS,VERIFIED_NO_APPLICABLE_CAPABILITY,VERIFIED_NO_APPLICABLE_CAPABILITY,true,,PULL_UP,,,,No unresolved blocker; baseline resolution is preserved.,None.,Preserved from the A00.6.6 resolved baseline.
2068,Smith Machine ZR Series | PROmachine,true,PLATE_LOADED_MACHINE,SEMANTIC_COMPLETE,SEMANTIC_COMPLETE,true,,,GUIDED_BARBELL_SUPPORT,,ONTOLOGY_GAP,No unresolved blocker; baseline resolution is preserved.,None.,Preserved from the A00.6.6 resolved baseline.
2069,Extensión de Cuádriceps ISO ZR Series | PROmachine,true,PLATE_LOADED_MACHINE,SEMANTIC_COMPLETE,SEMANTIC_COMPLETE,true,LEG_EXTENSION,LEG_EXTENSION,,,,No unresolved blocker; baseline resolution is preserved.,None.,Preserved from the A00.6.6 resolved baseline.
2088,Hip Thrust Beast | Obelix,true,PLATE_LOADED_MACHINE,SEMANTIC_COMPLETE,SEMANTIC_COMPLETE,true,HIP_THRUST,HIP_THRUST,,,,No unresolved blocker; baseline resolution is preserved.,None.,Preserved from the A00.6.6 resolved baseline.
2089,3D Hip Thruster Beast | Obelix,true,PLATE_LOADED_MACHINE,SEMANTIC_COMPLETE,SEMANTIC_COMPLETE,true,,HIP_THRUST,,,ONTOLOGY_GAP,No unresolved blocker; baseline resolution is preserved.,None.,Preserved from the A00.6.6 resolved baseline.
2091,Pull Over Beast | Obelix,true,PLATE_LOADED_MACHINE,SEMANTIC_COMPLETE,SEMANTIC_COMPLETE,true,,PULLOVER,,,ONTOLOGY_GAP,No unresolved blocker; baseline resolution is preserved.,None.,Preserved from the A00.6.6 resolved baseline.
2092,T-Bar Row Beast | Obelix,true,PLATE_LOADED_MACHINE,SEMANTIC_COMPLETE,SEMANTIC_COMPLETE,true,ROW,ROW,,,RULE_GAP,No unresolved blocker; baseline resolution is preserved.,None.,Preserved from the A00.6.6 resolved baseline.
2096,Par Paralelas Triple Grip | Rising,true,BODYWEIGHT_GYMNASTICS,VERIFIED_NO_APPLICABLE_CAPABILITY,VERIFIED_NO_APPLICABLE_CAPABILITY,true,,PULL_UP,BODYWEIGHT_SUPPORT,,,No unresolved blocker; baseline resolution is preserved.,None.,Preserved from the A00.6.6 resolved baseline.
2111,Landmine Ball 360 | Rising,true,MACHINE_ATTACHMENT,VERIFIED_NO_APPLICABLE_CAPABILITY,VERIFIED_NO_APPLICABLE_CAPABILITY,true,,,,,,No unresolved blocker; baseline resolution is preserved.,None.,Preserved from the A00.6.6 resolved baseline.
2128,Par Collarines Olímpico Magnéticos | Rising,true,MACHINE_ATTACHMENT,VERIFIED_NO_APPLICABLE_CAPABILITY,VERIFIED_NO_APPLICABLE_CAPABILITY,true,,,,,,No unresolved blocker; baseline resolution is preserved.,None.,Preserved from the A00.6.6 resolved baseline.
2133,Smith Machine Half Rack ZR Series | PROmachine,true,PLATE_LOADED_MACHINE,SEMANTIC_COMPLETE,SEMANTIC_COMPLETE,true,,,CABLE_RESISTANCE|GUIDED_BARBELL_SUPPORT,,ONTOLOGY_GAP,No unresolved blocker; baseline resolution is preserved.,None.,Preserved from the A00.6.6 resolved baseline.
2134,Multifuncional Smith ZR Series | PROmachine,true,PLATE_LOADED_MACHINE,SEMANTIC_COMPLETE,SEMANTIC_COMPLETE,true,,,CABLE_RESISTANCE|GUIDED_BARBELL_SUPPORT,,ONTOLOGY_GAP,No unresolved blocker; baseline resolution is preserved.,None.,Preserved from the A00.6.6 resolved baseline.
2139,Polea Dual Multifuncional 70kg ZR Series | PROmachine,true,CABLE_MACHINE,DATA_GAP,SEMANTIC_COMPLETE,true,,,CABLE_RESISTANCE|MULTI_DIRECTIONAL_RESISTANCE,,DATA_GAP,The input exposed cable resistance but did not encode dual adjustable geometry.,None for current V2 semantics; exercise modules require separate trusted evidence.,Dual canonical naming plus the structured 2:1/1:1 cable-ratio feature establishes two usable cable paths. No explicit exercise module is present.
2140,Banco Hip Thrust 3.0 ZR Series | PROmachine,true,BENCH,SEMANTIC_COMPLETE,SEMANTIC_COMPLETE,true,,HIP_THRUST,,,,No unresolved blocker; baseline resolution is preserved.,None.,Preserved from the A00.6.6 resolved baseline.
2141,Banco Hip Thrust/Nordic Curl ZR Series | PROmachine,true,BENCH,SEMANTIC_COMPLETE,SEMANTIC_COMPLETE,true,,HIP_THRUST,,,,No unresolved blocker; baseline resolution is preserved.,None.,Preserved from the A00.6.6 resolved baseline.
2142,Polea Alta/Remo 70kg ZR Series | PROmachine,true,CABLE_MACHINE,SEMANTIC_COMPLETE,SEMANTIC_COMPLETE,true,,LAT_PULLDOWN|ROW,CABLE_RESISTANCE,,,No unresolved blocker; baseline resolution is preserved.,None.,Preserved from the A00.6.6 resolved baseline.
2143,Banco Hip Thrust 1.0 ZR Series | PROmachine,true,BENCH,SEMANTIC_COMPLETE,SEMANTIC_COMPLETE,true,,HIP_THRUST,,,,No unresolved blocker; baseline resolution is preserved.,None.,Preserved from the A00.6.6 resolved baseline.
2182,Multifuncional Trainer ZR Series | PROmachine,true,PLATE_LOADED_MACHINE,SEMANTIC_COMPLETE,SEMANTIC_COMPLETE,true,PULL_UP,PULL_UP,CABLE_RESISTANCE,,,No unresolved blocker; baseline resolution is preserved.,None.,Preserved from the A00.6.6 resolved baseline.
2187,Trotadora Comercial S1 Series LED - 2da Selección | Obelix® (OB260-SU40-3),true,CARDIO_MACHINE,VERIFIED_NO_APPLICABLE_CAPABILITY,VERIFIED_NO_APPLICABLE_CAPABILITY,true,,,,,,No unresolved blocker; baseline resolution is preserved.,None.,Preserved from the A00.6.6 resolved baseline.
2188,Prensa Horizontal Sentado MO 2.0 - 2da Selección | Obelix® (OB-MO2-S12-SU40-2),true,PLATE_LOADED_MACHINE,SEMANTIC_COMPLETE,SEMANTIC_COMPLETE,true,,LEG_PRESS,,,ONTOLOGY_GAP,No unresolved blocker; baseline resolution is preserved.,None.,Preserved from the A00.6.6 resolved baseline.
2194,Eliptica Comercial S1 Series LED - 2da Selección | Obelix® (OB9001-SU40-1),true,CARDIO_MACHINE,VERIFIED_NO_APPLICABLE_CAPABILITY,VERIFIED_NO_APPLICABLE_CAPABILITY,true,,,,,,No unresolved blocker; baseline resolution is preserved.,None.,Preserved from the A00.6.6 resolved baseline.
2195,Pack 3 Agarres Ergonómicos - Accesorio Polea | Obelix,true,CABLE_MACHINE,VERIFIED_NO_APPLICABLE_CAPABILITY,VERIFIED_NO_APPLICABLE_CAPABILITY,true,,,CABLE_RESISTANCE,,,No unresolved blocker; baseline resolution is preserved.,None.,Preserved from the A00.6.6 resolved baseline.
2203,Dual Cuádriceps / Femoral Acostado MO 2.0 | Obelix®,true,SELECTORIZED_MACHINE,NEEDS_REVIEW,SEMANTIC_COMPLETE,true,LEG_CURL|LEG_EXTENSION,LEG_CURL|LEG_EXTENSION,CABLE_RESISTANCE,,QUALITY_REVIEW,The explicit quadriceps module was retained as a review candidate while LEG_CURL was already assigned.,None for current V2 semantics.,The canonical dual product name identifies both the leg-extension and prone leg-curl modules; V2.1 adds LEG_EXTENSION and preserves LEG_CURL.
2261,Par Anillas Olímpicas de Gimnasia Madera - 2da Selección (Wodstock) | HWM®,true,BODYWEIGHT_GYMNASTICS,VERIFIED_NO_APPLICABLE_CAPABILITY,VERIFIED_NO_APPLICABLE_CAPABILITY,true,,,,,,No unresolved blocker; baseline resolution is preserved.,None.,Preserved from the A00.6.6 resolved baseline.
2290,Trotadora Comercial S1 Series TFT Touch - 2da Selección | Obelix® (OB260A-SU40-2),true,CARDIO_MACHINE,VERIFIED_NO_APPLICABLE_CAPABILITY,VERIFIED_NO_APPLICABLE_CAPABILITY,true,,,,,,No unresolved blocker; baseline resolution is preserved.,None.,Preserved from the A00.6.6 resolved baseline.
2295,Air Row Hurricane HWM®,true,CARDIO_MACHINE,VERIFIED_NO_APPLICABLE_CAPABILITY,VERIFIED_NO_APPLICABLE_CAPABILITY,true,,,,,,No unresolved blocker; baseline resolution is preserved.,None.,Preserved from the A00.6.6 resolved baseline.
2296,Air Ski Hurricane HWM®,true,CARDIO_MACHINE,VERIFIED_NO_APPLICABLE_CAPABILITY,VERIFIED_NO_APPLICABLE_CAPABILITY,true,,,,,,No unresolved blocker; baseline resolution is preserved.,None.,Preserved from the A00.6.6 resolved baseline.
2297,Air Bike Hurricane 3.0 HWM®,true,CARDIO_MACHINE,VERIFIED_NO_APPLICABLE_CAPABILITY,VERIFIED_NO_APPLICABLE_CAPABILITY,true,,,,,,No unresolved blocker; baseline resolution is preserved.,None.,Preserved from the A00.6.6 resolved baseline.
2300,Polea Alta V8 Series - 2da Selección | Obelix (V8-522-SU40-2),true,CABLE_MACHINE,SEMANTIC_COMPLETE,SEMANTIC_COMPLETE,true,LAT_PULLDOWN,LAT_PULLDOWN,CABLE_RESISTANCE,,,No unresolved blocker; baseline resolution is preserved.,None.,Preserved from the A00.6.6 resolved baseline.
2301,Curl Femoral Sentado MO 2.0 - 2da Selección Obelix® (OB-MO2-S14-SU45-1),true,UNKNOWN,SEMANTIC_COMPLETE,SEMANTIC_COMPLETE,true,LEG_CURL,LEG_CURL,,,,No unresolved blocker; baseline resolution is preserved.,None.,Preserved from the A00.6.6 resolved baseline.
2302,Hip Thrust Beast - 2da Selección Obelix (OB-BT82032A-SU40-1),true,UNKNOWN,SEMANTIC_COMPLETE,SEMANTIC_COMPLETE,true,HIP_THRUST,HIP_THRUST,,,,No unresolved blocker; baseline resolution is preserved.,None.,Preserved from the A00.6.6 resolved baseline.
2304,Bicicleta Estática Magnética Home FZLUX - 2da Selección Forza (FZ8512-SU40-1),true,CARDIO_MACHINE,VERIFIED_NO_APPLICABLE_CAPABILITY,VERIFIED_NO_APPLICABLE_CAPABILITY,true,,,,,,No unresolved blocker; baseline resolution is preserved.,None.,Preserved from the A00.6.6 resolved baseline.
