productId,name,active,productFamily,currentCoverageStatus,currentAssignments,resolutionState,candidateCapabilities,missingCapabilities,evidenceSummary,gapType,confidence,revenue,orderLines,unitsSold,reason
12,Barra Pull Ups Multigrip 2.0 | HWM®,true,BODYWEIGHT_GYMNASTICS,UNMODELED,,VERIFIED_NO_APPLICABLE_CAPABILITY,,,ACCESSORY_OR_SUPPORT_SIGNAL:AVAILABLE|PRODUCT_FAMILY:BODYWEIGHT_GYMNASTICS|STRUCTURED_SEMANTIC_EVIDENCE:AVAILABLE,,HIGH,7203219,98,99,Catalog evidence identifies a cardio/accessory/support product without a current V1 strength capability.
53,Par Anillas Olímpicas de Gimnasia Pvc | HWM®,true,BODYWEIGHT_GYMNASTICS,UNMODELED,,VERIFIED_NO_APPLICABLE_CAPABILITY,,,ACCESSORY_OR_SUPPORT_SIGNAL:AVAILABLE|PRODUCT_FAMILY:BODYWEIGHT_GYMNASTICS|STRUCTURED_SEMANTIC_EVIDENCE:AVAILABLE,,HIGH,4633694.15,194,336,Catalog evidence identifies a cardio/accessory/support product without a current V1 strength capability.
54,Par Anillas Olímpicas de Gimnasia Madera | HWM®,true,BODYWEIGHT_GYMNASTICS,UNMODELED,,VERIFIED_NO_APPLICABLE_CAPABILITY,,,ACCESSORY_OR_SUPPORT_SIGNAL:AVAILABLE|PRODUCT_FAMILY:BODYWEIGHT_GYMNASTICS|STRUCTURED_SEMANTIC_EVIDENCE:AVAILABLE,,HIGH,16071668.5,554,786,Catalog evidence identifies a cardio/accessory/support product without a current V1 strength capability.
81,Par Collarines Olímpicos de PVC 50mm Negro | HWM®,true,MACHINE_ATTACHMENT,UNMODELED,,VERIFIED_NO_APPLICABLE_CAPABILITY,,,PRODUCT_FAMILY:MACHINE_ATTACHMENT|STRUCTURED_SEMANTIC_EVIDENCE:AVAILABLE,,HIGH,17710877,1391,2084,Catalog evidence identifies a cardio/accessory/support product without a current V1 strength capability.
87,Heavy Speed Rope | HWM®,true,ROPE_SLED,UNMODELED,,VERIFIED_NO_APPLICABLE_CAPABILITY,,,ACCESSORY_OR_SUPPORT_SIGNAL:AVAILABLE|PRODUCT_FAMILY:ROPE_SLED|STRUCTURED_SEMANTIC_EVIDENCE:AVAILABLE,,HIGH,7103476.9999,431,538,Catalog evidence identifies a cardio/accessory/support product without a current V1 strength capability.
176,Crossover Lat Pulldown ZR Series | PROmachine,true,CABLE_MACHINE,UNMODELED,"{""capabilityCode"":""LAT_PULLDOWN"",""relationType"":""DIRECT""}|{""capabilityCode"":""PULL_UP"",""relationType"":""SUPPORTED""}",SEMANTIC_COMPLETE,,,ACCESSORY_OR_SUPPORT_SIGNAL:AVAILABLE|MULTIFUNCTION_SIGNAL:AVAILABLE|PRODUCT_FAMILY:CABLE_MACHINE|STRUCTURED_SEMANTIC_EVIDENCE:AVAILABLE,,HIGH,95687805,186,186,Published assignments cover the trusted V1 capability signals observed for the product.
177,Barra Pull Ups 1.0 | HWM®,true,BODYWEIGHT_GYMNASTICS,UNMODELED,"{""capabilityCode"":""PULL_UP"",""relationType"":""DIRECT""}",SEMANTIC_COMPLETE,,,ACCESSORY_OR_SUPPORT_SIGNAL:AVAILABLE|PRODUCT_FAMILY:BODYWEIGHT_GYMNASTICS|STRUCTURED_SEMANTIC_EVIDENCE:AVAILABLE,,HIGH,9459296,192,203,Published assignments cover the trusted V1 capability signals observed for the product.
258,Extensión de Tríceps MO Series | Obelix,true,UNKNOWN,INSUFFICIENT_EVIDENCE,,ONTOLOGY_GAP,,,DEFERRED_SIGNAL:TRICEPS_EXTENSION|PRODUCT_FAMILY:UNKNOWN|STRUCTURED_SEMANTIC_EVIDENCE:AVAILABLE,ONTOLOGY_GAP,HIGH,4299957,6,6,Product is a credible dedicated machine for deferred capability TRICEPS_EXTENSION; the current V1 registry intentionally cannot represent it.
300,Par Barras Paralelas 17cm | HWM®,true,BODYWEIGHT_GYMNASTICS,UNMODELED,"{""capabilityCode"":""DIP"",""relationType"":""DIRECT""}",SEMANTIC_COMPLETE,,,ACCESSORY_OR_SUPPORT_SIGNAL:AVAILABLE|PRODUCT_FAMILY:BODYWEIGHT_GYMNASTICS|STRUCTURED_SEMANTIC_EVIDENCE:AVAILABLE,,HIGH,4529464.5,142,146,Published assignments cover the trusted V1 capability signals observed for the product.
301,Barras Paralelas 34cm (Par) | HWM,true,BODYWEIGHT_GYMNASTICS,UNMODELED,"{""capabilityCode"":""DIP"",""relationType"":""DIRECT""}",SEMANTIC_COMPLETE,,,ACCESSORY_OR_SUPPORT_SIGNAL:AVAILABLE|PRODUCT_FAMILY:BODYWEIGHT_GYMNASTICS|STRUCTURED_SEMANTIC_EVIDENCE:AVAILABLE,,HIGH,5102945,114,123,Published assignments cover the trusted V1 capability signals observed for the product.
302,Barras Paralelas 70cm (Par) | HWM,true,BODYWEIGHT_GYMNASTICS,UNMODELED,"{""capabilityCode"":""DIP"",""relationType"":""DIRECT""}",SEMANTIC_COMPLETE,,,ACCESSORY_OR_SUPPORT_SIGNAL:AVAILABLE|PRODUCT_FAMILY:BODYWEIGHT_GYMNASTICS|STRUCTURED_SEMANTIC_EVIDENCE:AVAILABLE,,HIGH,13073096,222,243,Published assignments cover the trusted V1 capability signals observed for the product.
388,Par Push Ups 1.0 | FullFit,true,UNKNOWN,UNMODELED,"{""capabilityCode"":""DIP"",""relationType"":""DIRECT""}",SEMANTIC_PARTIAL,PULL_UP|DIP,PULL_UP,PRODUCT_FAMILY:UNKNOWN|STRUCTURED_SEMANTIC_EVIDENCE:AVAILABLE|TRUSTED_V1_SIGNAL:DIP|PULL_UP,RULE_GAP,MEDIUM,3018472.5,462,537,"Published assignment exists, but trusted V1 evidence also indicates missing capability PULL_UP."
430,Bicicleta de Spinning Move | Obelix,true,CARDIO_MACHINE,UNMODELED,,VERIFIED_NO_APPLICABLE_CAPABILITY,,,ACCESSORY_OR_SUPPORT_SIGNAL:AVAILABLE|PRODUCT_FAMILY:CARDIO_MACHINE|STRUCTURED_SEMANTIC_EVIDENCE:AVAILABLE,,HIGH,33100624.5,85,113,Catalog evidence identifies a cardio/accessory/support product without a current V1 strength capability.
435,Set 10 Body Pump + Rack | FullFit,true,RACK_CAGE,UNMODELED,,VERIFIED_NO_APPLICABLE_CAPABILITY,,,ACCESSORY_OR_SUPPORT_SIGNAL:AVAILABLE|PRODUCT_FAMILY:RACK_CAGE|STRUCTURED_SEMANTIC_EVIDENCE:AVAILABLE,,HIGH,13955136,15,20,Catalog evidence identifies a cardio/accessory/support product without a current V1 strength capability.
437,Soga de Tríceps - Accesorio Polea | Obelix,true,CABLE_MACHINE,NO_CAPABILITY_APPLICABLE,,VERIFIED_NO_APPLICABLE_CAPABILITY,,,ACCESSORY_OR_SUPPORT_SIGNAL:AVAILABLE|PRODUCT_FAMILY:CABLE_MACHINE|STRUCTURED_SEMANTIC_EVIDENCE:AVAILABLE,,HIGH,11231760.5,472,631,Catalog evidence identifies a cardio/accessory/support product without a current V1 strength capability.
454,Barra Lat Pull Down - Accesorio Polea | Obelix,true,CABLE_MACHINE,NO_CAPABILITY_APPLICABLE,,VERIFIED_NO_APPLICABLE_CAPABILITY,,,ACCESSORY_OR_SUPPORT_SIGNAL:AVAILABLE|PRODUCT_FAMILY:CABLE_MACHINE|STRUCTURED_SEMANTIC_EVIDENCE:AVAILABLE,,HIGH,7462863.5,268,275,Catalog evidence identifies a cardio/accessory/support product without a current V1 strength capability.
455,Barra Corta Recta - Accesorio Polea | Obelix,true,CABLE_MACHINE,NO_CAPABILITY_APPLICABLE,,VERIFIED_NO_APPLICABLE_CAPABILITY,,,ACCESSORY_OR_SUPPORT_SIGNAL:AVAILABLE|PRODUCT_FAMILY:CABLE_MACHINE|STRUCTURED_SEMANTIC_EVIDENCE:AVAILABLE,,HIGH,6640054,364,404,Catalog evidence identifies a cardio/accessory/support product without a current V1 strength capability.
462,Agarre Manilla Simple de Acero - Accesorio Polea (Unidad) | Obelix,true,CABLE_MACHINE,NO_CAPABILITY_APPLICABLE,,VERIFIED_NO_APPLICABLE_CAPABILITY,,,ACCESSORY_OR_SUPPORT_SIGNAL:AVAILABLE|PRODUCT_FAMILY:CABLE_MACHINE|STRUCTURED_SEMANTIC_EVIDENCE:AVAILABLE,,HIGH,4807260,243,354,Catalog evidence identifies a cardio/accessory/support product without a current V1 strength capability.
463,Par Ankle Straps de Cuero | FullFit,true,MACHINE_ATTACHMENT,UNMODELED,,VERIFIED_NO_APPLICABLE_CAPABILITY,,,PRODUCT_FAMILY:MACHINE_ATTACHMENT|STRUCTURED_SEMANTIC_EVIDENCE:AVAILABLE,,HIGH,6624367.5,361,582,Catalog evidence identifies a cardio/accessory/support product without a current V1 strength capability.
466,Agarre Remo Neutro - Accesorio Polea | Obelix,true,CABLE_MACHINE,NO_CAPABILITY_APPLICABLE,,VERIFIED_NO_APPLICABLE_CAPABILITY,,,ACCESSORY_OR_SUPPORT_SIGNAL:AVAILABLE|PRODUCT_FAMILY:CABLE_MACHINE|STRUCTURED_SEMANTIC_EVIDENCE:AVAILABLE,,HIGH,8587311,426,454,Catalog evidence identifies a cardio/accessory/support product without a current V1 strength capability.
485,Press de Hombro V8 Series | Obelix,true,SELECTORIZED_MACHINE,UNMODELED,"{""capabilityCode"":""SHOULDER_PRESS"",""relationType"":""DIRECT""}",SEMANTIC_COMPLETE,SHOULDER_PRESS,,PRODUCT_FAMILY:SELECTORIZED_MACHINE|STRUCTURED_SEMANTIC_EVIDENCE:AVAILABLE|TRUSTED_V1_SIGNAL:SHOULDER_PRESS,,HIGH,839994,1,1,Published assignments cover the trusted V1 capability signals observed for the product.
486,Press de Pectoral V8 Series | Obelix,true,SELECTORIZED_MACHINE,UNMODELED,"{""capabilityCode"":""CHEST_PRESS"",""relationType"":""DIRECT""}",SEMANTIC_COMPLETE,CHEST_PRESS,,PRODUCT_FAMILY:SELECTORIZED_MACHINE|STRUCTURED_SEMANTIC_EVIDENCE:AVAILABLE|TRUSTED_V1_SIGNAL:CHEST_PRESS,,HIGH,2127985,2,2,Published assignments cover the trusted V1 capability signals observed for the product.
487,Curl Femoral Sentado V8 Series | Obelix,true,SELECTORIZED_MACHINE,UNMODELED,"{""capabilityCode"":""LEG_CURL"",""relationType"":""DIRECT""}",SEMANTIC_COMPLETE,LEG_CURL,,PRODUCT_FAMILY:SELECTORIZED_MACHINE|STRUCTURED_SEMANTIC_EVIDENCE:AVAILABLE|TRUSTED_V1_SIGNAL:LEG_CURL,,HIGH,8559946,7,7,Published assignments cover the trusted V1 capability signals observed for the product.
489,Remo Sentado V8 Series | Obelix,true,SELECTORIZED_MACHINE,UNMODELED,"{""capabilityCode"":""ROW"",""relationType"":""DIRECT""}",SEMANTIC_COMPLETE,ROW,,PRODUCT_FAMILY:SELECTORIZED_MACHINE|STRUCTURED_SEMANTIC_EVIDENCE:AVAILABLE|TRUSTED_V1_SIGNAL:ROW,,HIGH,2159984,2,2,Published assignments cover the trusted V1 capability signals observed for the product.
491,Prensa Horizontal Sentado V8 Series | Obelix,true,PLATE_LOADED_MACHINE,UNMODELED,,ONTOLOGY_GAP,,,PRODUCT_FAMILY:PLATE_LOADED_MACHINE|STRUCTURED_SEMANTIC_EVIDENCE:AVAILABLE,ONTOLOGY_GAP,MEDIUM,8636960,5,5,"Generic training equipment has real utility, but no single current V1 capability expresses its supported movement/function set."
494,Polea Cruzada Corta V8 Series | Obelix,true,CABLE_MACHINE,INSUFFICIENT_EVIDENCE,,DATA_GAP,,,PRODUCT_FAMILY:CABLE_MACHINE|STRUCTURED_SEMANTIC_EVIDENCE:AVAILABLE,DATA_GAP,LOW,17920935,7,8,Exact missing data: trusted structured category or semantic feature evidence needed to decide whether a V1 capability applies.
495,Polea Cruzada V8 Series | Obelix,true,CABLE_MACHINE,INSUFFICIENT_EVIDENCE,,DATA_GAP,,,PRODUCT_FAMILY:CABLE_MACHINE|STRUCTURED_SEMANTIC_EVIDENCE:AVAILABLE,DATA_GAP,LOW,15319928,8,8,Exact missing data: trusted structured category or semantic feature evidence needed to decide whether a V1 capability applies.
503,Remo Bajo V8 Series | Obelix,true,SELECTORIZED_MACHINE,UNMODELED,"{""capabilityCode"":""ROW"",""relationType"":""DIRECT""}",SEMANTIC_COMPLETE,ROW,,PRODUCT_FAMILY:SELECTORIZED_MACHINE|STRUCTURED_SEMANTIC_EVIDENCE:AVAILABLE|TRUSTED_V1_SIGNAL:ROW,,HIGH,0,0,0,Published assignments cover the trusted V1 capability signals observed for the product.
528,Banco Abdominal/Fondo y Dominada MO Series | Obelix,true,BENCH,UNMODELED,"{""capabilityCode"":""PULL_UP"",""relationType"":""DIRECT""}",SEMANTIC_COMPLETE,,,PRODUCT_FAMILY:BENCH|STRUCTURED_SEMANTIC_EVIDENCE:AVAILABLE,,HIGH,6130921,11,11,Published assignments cover the trusted V1 capability signals observed for the product.
679,Bicicleta de Spinning SP9 | Obelix,true,CARDIO_MACHINE,UNMODELED,,VERIFIED_NO_APPLICABLE_CAPABILITY,,,ACCESSORY_OR_SUPPORT_SIGNAL:AVAILABLE|PRODUCT_FAMILY:CARDIO_MACHINE|STRUCTURED_SEMANTIC_EVIDENCE:AVAILABLE,,HIGH,95919644.5,85,194,Catalog evidence identifies a cardio/accessory/support product without a current V1 strength capability.
761,Squat Rack Lite Series | HWM®,true,RACK_CAGE,UNMODELED,,VERIFIED_NO_APPLICABLE_CAPABILITY,,,DEFERRED_SIGNAL:SQUAT|PRODUCT_FAMILY:RACK_CAGE|STRUCTURED_SEMANTIC_EVIDENCE:AVAILABLE,,HIGH,25180054.7,149,158,Deferred evidence is classified as non-publishable (RACK_CAGE); no V1 assignment is applicable.
777,Par Agarres OCR Pull Up Balls de Madera 68mm | Araknido,true,BODYWEIGHT_GYMNASTICS,UNMODELED,,VERIFIED_NO_APPLICABLE_CAPABILITY,,,ACCESSORY_OR_SUPPORT_SIGNAL:AVAILABLE|PRODUCT_FAMILY:BODYWEIGHT_GYMNASTICS|STRUCTURED_SEMANTIC_EVIDENCE:AVAILABLE,,HIGH,481288,13,16,Catalog evidence identifies a cardio/accessory/support product without a current V1 strength capability.
784,Par Agarres OCR Pull Up Bars de Madera 50mm | Araknido,true,BODYWEIGHT_GYMNASTICS,UNMODELED,,VERIFIED_NO_APPLICABLE_CAPABILITY,,,ACCESSORY_OR_SUPPORT_SIGNAL:AVAILABLE|PRODUCT_FAMILY:BODYWEIGHT_GYMNASTICS|STRUCTURED_SEMANTIC_EVIDENCE:AVAILABLE,,HIGH,681170,21,23,Catalog evidence identifies a cardio/accessory/support product without a current V1 strength capability.
797,Safety Squat Bar Black Series | HWM,true,UNKNOWN,UNMODELED,,VERIFIED_NO_APPLICABLE_CAPABILITY,,,ACCESSORY_OR_SUPPORT_SIGNAL:AVAILABLE|DEFERRED_SIGNAL:SQUAT|PRODUCT_FAMILY:UNKNOWN|STRUCTURED_SEMANTIC_EVIDENCE:AVAILABLE,,HIGH,11339510.5,45,50,Deferred evidence is classified as non-publishable (ACCESSORY); no V1 assignment is applicable.
821,Collarines Olímpicos de Aluminio 50mm Silver (Par) | HWM,true,MACHINE_ATTACHMENT,UNMODELED,,VERIFIED_NO_APPLICABLE_CAPABILITY,,,PRODUCT_FAMILY:MACHINE_ATTACHMENT|STRUCTURED_SEMANTIC_EVIDENCE:AVAILABLE,,HIGH,10524661,490,626,Catalog evidence identifies a cardio/accessory/support product without a current V1 strength capability.
899,Lat Pulldown Heavy Duty Series | HWM®,true,CABLE_MACHINE,UNMODELED,"{""capabilityCode"":""LAT_PULLDOWN"",""relationType"":""DIRECT""}",SEMANTIC_COMPLETE,LAT_PULLDOWN,,PRODUCT_FAMILY:CABLE_MACHINE|STRUCTURED_SEMANTIC_EVIDENCE:AVAILABLE|TRUSTED_V1_SIGNAL:LAT_PULLDOWN,,HIGH,41480004,46,46,Published assignments cover the trusted V1 capability signals observed for the product.
930,Bulgarian Squat (Accesorio Jaula Hell - MJHWM2) | HWM,true,MACHINE_ATTACHMENT,NO_CAPABILITY_APPLICABLE,,VERIFIED_NO_APPLICABLE_CAPABILITY,,,ACCESSORY_OR_SUPPORT_SIGNAL:AVAILABLE|DEFERRED_SIGNAL:SQUAT|PRODUCT_FAMILY:MACHINE_ATTACHMENT|STRUCTURED_SEMANTIC_EVIDENCE:AVAILABLE,,HIGH,608686.5,11,12,Deferred evidence is classified as non-publishable (ACCESSORY); no V1 assignment is applicable.
934,Barras Paralelas Ajustables 77-98cm (Par) | HWM,true,BODYWEIGHT_GYMNASTICS,UNMODELED,"{""capabilityCode"":""DIP"",""relationType"":""DIRECT""}",SEMANTIC_COMPLETE,,,ACCESSORY_OR_SUPPORT_SIGNAL:AVAILABLE|PRODUCT_FAMILY:BODYWEIGHT_GYMNASTICS|STRUCTURED_SEMANTIC_EVIDENCE:AVAILABLE,,HIGH,18748638.5,215,219,Published assignments cover the trusted V1 capability signals observed for the product.
1021,Multipower ZR Series | PROmachine,true,PLATE_LOADED_MACHINE,UNMODELED,,VERIFIED_NO_APPLICABLE_CAPABILITY,,,ACCESSORY_OR_SUPPORT_SIGNAL:AVAILABLE|PRODUCT_FAMILY:PLATE_LOADED_MACHINE|STRUCTURED_SEMANTIC_EVIDENCE:AVAILABLE,,HIGH,13489929,9,9,Catalog evidence identifies a cardio/accessory/support product without a current V1 strength capability.
1022,"Barra de Tríceps ""V"" Grip - Accesorio Polea | Obelix",true,CABLE_MACHINE,NO_CAPABILITY_APPLICABLE,,VERIFIED_NO_APPLICABLE_CAPABILITY,,,ACCESSORY_OR_SUPPORT_SIGNAL:AVAILABLE|PRODUCT_FAMILY:CABLE_MACHINE|STRUCTURED_SEMANTIC_EVIDENCE:AVAILABLE,,HIGH,3618232.5,200,241,Catalog evidence identifies a cardio/accessory/support product without a current V1 strength capability.
1035,Barra Dominadas Puerta | FullFit,true,BODYWEIGHT_GYMNASTICS,UNMODELED,"{""capabilityCode"":""PULL_UP"",""relationType"":""DIRECT""}",SEMANTIC_COMPLETE,,,ACCESSORY_OR_SUPPORT_SIGNAL:AVAILABLE|PRODUCT_FAMILY:BODYWEIGHT_GYMNASTICS|STRUCTURED_SEMANTIC_EVIDENCE:AVAILABLE,,HIGH,2127379,213,336,Published assignments cover the trusted V1 capability signals observed for the product.
1059,Multifuncional Smith ZR Series | PROmachine,true,PLATE_LOADED_MACHINE,UNMODELED,"{""capabilityCode"":""DIP"",""relationType"":""SUPPORTED""}|{""capabilityCode"":""PULL_UP"",""relationType"":""SUPPORTED""}",SEMANTIC_COMPLETE,,,ACCESSORY_OR_SUPPORT_SIGNAL:AVAILABLE|MULTIFUNCTION_SIGNAL:AVAILABLE|PRODUCT_FAMILY:PLATE_LOADED_MACHINE|STRUCTURED_SEMANTIC_EVIDENCE:AVAILABLE,,HIGH,15421831,19,19,Published assignments cover the trusted V1 capability signals observed for the product.
1118,Banco Preolímpico Multifuncional Pro | Forza,true,BENCH,UNMODELED,"{""capabilityCode"":""LEG_CURL"",""relationType"":""DIRECT""}",SEMANTIC_COMPLETE,,,ACCESSORY_OR_SUPPORT_SIGNAL:AVAILABLE|MULTIFUNCTION_SIGNAL:AVAILABLE|PRODUCT_FAMILY:BENCH|STRUCTURED_SEMANTIC_EVIDENCE:AVAILABLE,,HIGH,31337249,370,395,Published assignments cover the trusted V1 capability signals observed for the product.
1121,Atril de Sentadillas 1.0 (Par) | Forza,true,RACK_CAGE,UNMODELED,,ONTOLOGY_GAP,,,PRODUCT_FAMILY:RACK_CAGE|STRUCTURED_SEMANTIC_EVIDENCE:AVAILABLE,ONTOLOGY_GAP,MEDIUM,12713649.5,195,214,"Generic training equipment has real utility, but no single current V1 capability expresses its supported movement/function set."
1122,Multiestación de Poder 1.0 | Forza,true,UNKNOWN,UNMODELED,,DATA_GAP,,,PRODUCT_FAMILY:UNKNOWN|STRUCTURED_SEMANTIC_EVIDENCE:AVAILABLE,DATA_GAP,LOW,18554900.5,254,258,Product Family is UNKNOWN; exact missing data: trusted semantic category and/or structured feature evidence needed to distinguish training function from generic merchandise.
1123,Bicicleta de Spinning Home FZ1.0 | Forza,true,CARDIO_MACHINE,UNMODELED,,VERIFIED_NO_APPLICABLE_CAPABILITY,,,ACCESSORY_OR_SUPPORT_SIGNAL:AVAILABLE|PRODUCT_FAMILY:CARDIO_MACHINE|STRUCTURED_SEMANTIC_EVIDENCE:AVAILABLE,,HIGH,8766853,75,91,Catalog evidence identifies a cardio/accessory/support product without a current V1 strength capability.
1124,Lat Pull Down | Accesorio Smith Machine ZR Series | PROmachine,true,PLATE_LOADED_MACHINE,NO_CAPABILITY_APPLICABLE,,VERIFIED_NO_APPLICABLE_CAPABILITY,,,ACCESSORY_OR_SUPPORT_SIGNAL:AVAILABLE|PRODUCT_FAMILY:PLATE_LOADED_MACHINE|STRUCTURED_SEMANTIC_EVIDENCE:AVAILABLE,,HIGH,2651675.5,21,21,Catalog evidence identifies a cardio/accessory/support product without a current V1 strength capability.
1126,Rampa Caminata de Manos | HWM®,true,BODYWEIGHT_GYMNASTICS,UNMODELED,,ONTOLOGY_GAP,,,PRODUCT_FAMILY:BODYWEIGHT_GYMNASTICS|STRUCTURED_SEMANTIC_EVIDENCE:AVAILABLE,ONTOLOGY_GAP,MEDIUM,3829296,12,12,"Generic training equipment has real utility, but no single current V1 capability expresses its supported movement/function set."
1137,Par Ankle Straps Skull | FullFit,true,MACHINE_ATTACHMENT,UNMODELED,,VERIFIED_NO_APPLICABLE_CAPABILITY,,,PRODUCT_FAMILY:MACHINE_ATTACHMENT|STRUCTURED_SEMANTIC_EVIDENCE:AVAILABLE,,HIGH,3090422,226,277,Catalog evidence identifies a cardio/accessory/support product without a current V1 strength capability.
1138,Par Ankle Straps Pink Piton | FullFit,true,MACHINE_ATTACHMENT,UNMODELED,,VERIFIED_NO_APPLICABLE_CAPABILITY,,,PRODUCT_FAMILY:MACHINE_ATTACHMENT|STRUCTURED_SEMANTIC_EVIDENCE:AVAILABLE,,HIGH,4054363.5,289,320,Catalog evidence identifies a cardio/accessory/support product without a current V1 strength capability.
1139,Par Ankle Straps Diamond | FullFit,true,MACHINE_ATTACHMENT,UNMODELED,,VERIFIED_NO_APPLICABLE_CAPABILITY,,,PRODUCT_FAMILY:MACHINE_ATTACHMENT|STRUCTURED_SEMANTIC_EVIDENCE:AVAILABLE,,HIGH,3145684.5,250,276,Catalog evidence identifies a cardio/accessory/support product without a current V1 strength capability.
1140,Par Ankle Straps Camo | FullFit,true,MACHINE_ATTACHMENT,UNMODELED,,VERIFIED_NO_APPLICABLE_CAPABILITY,,,PRODUCT_FAMILY:MACHINE_ATTACHMENT|STRUCTURED_SEMANTIC_EVIDENCE:AVAILABLE,,HIGH,2953894,193,223,Catalog evidence identifies a cardio/accessory/support product without a current V1 strength capability.
1158,Trotadora Escaladora Lite Series | Obelix,true,CARDIO_MACHINE,UNMODELED,,VERIFIED_NO_APPLICABLE_CAPABILITY,,,PRODUCT_FAMILY:CARDIO_MACHINE|STRUCTURED_SEMANTIC_EVIDENCE:AVAILABLE,,HIGH,16297355,21,22,Catalog evidence identifies a cardio/accessory/support product without a current V1 strength capability.
1159,Elíptica Cross Trainer Lite Series | Obelix,true,CARDIO_MACHINE,UNMODELED,,VERIFIED_NO_APPLICABLE_CAPABILITY,,,PRODUCT_FAMILY:CARDIO_MACHINE|STRUCTURED_SEMANTIC_EVIDENCE:AVAILABLE,,HIGH,5569379,12,14,Catalog evidence identifies a cardio/accessory/support product without a current V1 strength capability.
1160,Elíptica Stepper Lite Series | Obelix,true,CARDIO_MACHINE,UNMODELED,,VERIFIED_NO_APPLICABLE_CAPABILITY,,,PRODUCT_FAMILY:CARDIO_MACHINE|STRUCTURED_SEMANTIC_EVIDENCE:AVAILABLE,,HIGH,8590880,14,16,Catalog evidence identifies a cardio/accessory/support product without a current V1 strength capability.
1161,Bicicleta de Spinning Training Lite Series | Obelix,true,CARDIO_MACHINE,UNMODELED,,VERIFIED_NO_APPLICABLE_CAPABILITY,,,ACCESSORY_OR_SUPPORT_SIGNAL:AVAILABLE|PRODUCT_FAMILY:CARDIO_MACHINE|STRUCTURED_SEMANTIC_EVIDENCE:AVAILABLE,,HIGH,23624448,61,80,Catalog evidence identifies a cardio/accessory/support product without a current V1 strength capability.
1193,Salmon Ladder | Araknido,true,UNKNOWN,UNMODELED,"{""capabilityCode"":""PULL_UP"",""relationType"":""DIRECT""}",SEMANTIC_COMPLETE,,,PRODUCT_FAMILY:UNKNOWN|STRUCTURED_SEMANTIC_EVIDENCE:AVAILABLE,,HIGH,226081,6,7,Published assignments cover the trusted V1 capability signals observed for the product.
1207,Multi Estación 4 Stacks V8 Series | Obelix,true,CABLE_MACHINE,UNMODELED,"{""capabilityCode"":""LAT_PULLDOWN"",""relationType"":""DIRECT""}|{""capabilityCode"":""ROW"",""relationType"":""DIRECT""}",SEMANTIC_COMPLETE,LAT_PULLDOWN|ROW,,MULTIFUNCTION_SIGNAL:AVAILABLE|PRODUCT_FAMILY:CABLE_MACHINE|STRUCTURED_SEMANTIC_EVIDENCE:AVAILABLE|TRUSTED_V1_SIGNAL:LAT_PULLDOWN|ROW,,HIGH,13964972,3,3,Published assignments cover the trusted V1 capability signals observed for the product.
1229,Hack Squat Solid Rock | BODYTONE,true,PLATE_LOADED_MACHINE,UNMODELED,,ONTOLOGY_GAP,,,DEFERRED_SIGNAL:SQUAT|PRODUCT_FAMILY:PLATE_LOADED_MACHINE|STRUCTURED_SEMANTIC_EVIDENCE:AVAILABLE,ONTOLOGY_GAP,HIGH,2029993,1,1,Product is a credible dedicated machine for deferred capability SQUAT; the current V1 registry intentionally cannot represent it.
1236,Eliptica Comercial S1 Series LED | Obelix®,true,CARDIO_MACHINE,UNMODELED,,VERIFIED_NO_APPLICABLE_CAPABILITY,,,PRODUCT_FAMILY:CARDIO_MACHINE|STRUCTURED_SEMANTIC_EVIDENCE:AVAILABLE,,HIGH,4975966,4,4,Catalog evidence identifies a cardio/accessory/support product without a current V1 strength capability.
1237,Trotadora Comercial S1 Series LED | Obelix®,true,CARDIO_MACHINE,UNMODELED,,VERIFIED_NO_APPLICABLE_CAPABILITY,,,PRODUCT_FAMILY:CARDIO_MACHINE|STRUCTURED_SEMANTIC_EVIDENCE:AVAILABLE,,HIGH,105949473,37,60,Catalog evidence identifies a cardio/accessory/support product without a current V1 strength capability.
1238,Trotadora Comercial S1 Series TFT Touch | Obelix®,true,CARDIO_MACHINE,UNMODELED,,VERIFIED_NO_APPLICABLE_CAPABILITY,,,PRODUCT_FAMILY:CARDIO_MACHINE|STRUCTURED_SEMANTIC_EVIDENCE:AVAILABLE,,HIGH,75488526,26,34,Catalog evidence identifies a cardio/accessory/support product without a current V1 strength capability.
1239,Trotadora Curva AirRunner 1.0 | HWM®,true,CARDIO_MACHINE,UNMODELED,,VERIFIED_NO_APPLICABLE_CAPABILITY,,,PRODUCT_FAMILY:CARDIO_MACHINE|STRUCTURED_SEMANTIC_EVIDENCE:AVAILABLE,,HIGH,14828799,6,7,Catalog evidence identifies a cardio/accessory/support product without a current V1 strength capability.
1240,Escalera LED S1 Series | Obelix®,true,CARDIO_MACHINE,UNMODELED,,VERIFIED_NO_APPLICABLE_CAPABILITY,,,PRODUCT_FAMILY:CARDIO_MACHINE|STRUCTURED_SEMANTIC_EVIDENCE:AVAILABLE,,HIGH,23146640,9,10,Catalog evidence identifies a cardio/accessory/support product without a current V1 strength capability.
1263,Collarines Olímpicos Competición (Par) | XMASTER,true,MACHINE_ATTACHMENT,UNMODELED,,VERIFIED_NO_APPLICABLE_CAPABILITY,,,PRODUCT_FAMILY:MACHINE_ATTACHMENT|STRUCTURED_SEMANTIC_EVIDENCE:AVAILABLE,,HIGH,3375311,37,42,Catalog evidence identifies a cardio/accessory/support product without a current V1 strength capability.
1265,Press de Pectoral MO 2.0 Obelix®,true,SELECTORIZED_MACHINE,UNMODELED,"{""capabilityCode"":""CHEST_PRESS"",""relationType"":""DIRECT""}",SEMANTIC_COMPLETE,CHEST_PRESS,,PRODUCT_FAMILY:SELECTORIZED_MACHINE|STRUCTURED_SEMANTIC_EVIDENCE:AVAILABLE|TRUSTED_V1_SIGNAL:CHEST_PRESS,,HIGH,3314975,3,3,Published assignments cover the trusted V1 capability signals observed for the product.
1266,Aperturas Pec Fly / Rear Delt MO 2.0 Obelix®,true,SELECTORIZED_MACHINE,UNMODELED,,ONTOLOGY_GAP,,,PRODUCT_FAMILY:SELECTORIZED_MACHINE|STRUCTURED_SEMANTIC_EVIDENCE:AVAILABLE,ONTOLOGY_GAP,MEDIUM,17155894,14,14,"Generic training equipment has real utility, but no single current V1 capability expresses its supported movement/function set."
1267,Polea Alta MO 2.0 Obelix®,true,CABLE_MACHINE,UNMODELED,"{""capabilityCode"":""LAT_PULLDOWN"",""relationType"":""DIRECT""}",SEMANTIC_COMPLETE,LAT_PULLDOWN,,PRODUCT_FAMILY:CABLE_MACHINE|STRUCTURED_SEMANTIC_EVIDENCE:AVAILABLE|TRUSTED_V1_SIGNAL:LAT_PULLDOWN,,HIGH,9619926,7,8,Published assignments cover the trusted V1 capability signals observed for the product.
1268,Remo Sentado MO 2.0 Obelix®,true,SELECTORIZED_MACHINE,UNMODELED,"{""capabilityCode"":""ROW"",""relationType"":""DIRECT""}",SEMANTIC_COMPLETE,ROW,,PRODUCT_FAMILY:SELECTORIZED_MACHINE|STRUCTURED_SEMANTIC_EVIDENCE:AVAILABLE|TRUSTED_V1_SIGNAL:ROW,,HIGH,4477965,4,4,Published assignments cover the trusted V1 capability signals observed for the product.
1269,Extensión de Cuádriceps MO 2.0 Obelix®,true,SELECTORIZED_MACHINE,UNMODELED,"{""capabilityCode"":""LEG_EXTENSION"",""relationType"":""DIRECT""}",SEMANTIC_COMPLETE,LEG_EXTENSION,,PRODUCT_FAMILY:SELECTORIZED_MACHINE|STRUCTURED_SEMANTIC_EVIDENCE:AVAILABLE|TRUSTED_V1_SIGNAL:LEG_EXTENSION,,HIGH,22226866,15,17,Published assignments cover the trusted V1 capability signals observed for the product.
1270,Curl de Femoral Acostado MO 2.0 Obelix®,true,SELECTORIZED_MACHINE,INSUFFICIENT_EVIDENCE,,RULE_GAP,LEG_CURL,LEG_CURL,PRODUCT_FAMILY:SELECTORIZED_MACHINE|STRUCTURED_SEMANTIC_EVIDENCE:AVAILABLE|TRUSTED_V1_SIGNAL:LEG_CURL,RULE_GAP,HIGH,13182901,10,11,Trusted product evidence indicates LEG_CURL but the published snapshot has no assignment.
1271,Aductor MO 2.0 | Obelix®,true,SELECTORIZED_MACHINE,UNMODELED,"{""capabilityCode"":""ADDUCTOR"",""relationType"":""DIRECT""}",SEMANTIC_COMPLETE,ADDUCTOR,,PRODUCT_FAMILY:SELECTORIZED_MACHINE|STRUCTURED_SEMANTIC_EVIDENCE:AVAILABLE|TRUSTED_V1_SIGNAL:ADDUCTOR,,HIGH,2099982,2,2,Published assignments cover the trusted V1 capability signals observed for the product.
1272,Hack Squat Lineal MO 2.0 | Obelix®,true,PLATE_LOADED_MACHINE,UNMODELED,,ONTOLOGY_GAP,,,DEFERRED_SIGNAL:SQUAT|PRODUCT_FAMILY:PLATE_LOADED_MACHINE|STRUCTURED_SEMANTIC_EVIDENCE:AVAILABLE,ONTOLOGY_GAP,HIGH,21103837,18,18,Product is a credible dedicated machine for deferred capability SQUAT; the current V1 registry intentionally cannot represent it.
1273,Prensa Inclinada 45° Lineal MO 2.0 | Obelix®,true,PLATE_LOADED_MACHINE,UNMODELED,,ONTOLOGY_GAP,,,PRODUCT_FAMILY:PLATE_LOADED_MACHINE|STRUCTURED_SEMANTIC_EVIDENCE:AVAILABLE,ONTOLOGY_GAP,MEDIUM,52789198,41,41,"Generic training equipment has real utility, but no single current V1 capability expresses its supported movement/function set."
1274,Jaula Smith Vertical MO 2.0 | Obelix®,true,PLATE_LOADED_MACHINE,UNMODELED,,ONTOLOGY_GAP,,,PRODUCT_FAMILY:PLATE_LOADED_MACHINE|STRUCTURED_SEMANTIC_EVIDENCE:AVAILABLE,ONTOLOGY_GAP,MEDIUM,12055946,8,8,"Generic training equipment has real utility, but no single current V1 capability expresses its supported movement/function set."
1275,Prensa Horizontal Sentado MO 2.0 Obelix®,true,PLATE_LOADED_MACHINE,UNMODELED,,ONTOLOGY_GAP,,,PRODUCT_FAMILY:PLATE_LOADED_MACHINE|STRUCTURED_SEMANTIC_EVIDENCE:AVAILABLE,ONTOLOGY_GAP,MEDIUM,9407954,5,5,"Generic training equipment has real utility, but no single current V1 capability expresses its supported movement/function set."
1278,Abductor MO 2.0 | Obelix®,true,SELECTORIZED_MACHINE,UNMODELED,"{""capabilityCode"":""ABDUCTOR"",""relationType"":""DIRECT""}",SEMANTIC_COMPLETE,ABDUCTOR,,PRODUCT_FAMILY:SELECTORIZED_MACHINE|STRUCTURED_SEMANTIC_EVIDENCE:AVAILABLE|TRUSTED_V1_SIGNAL:ABDUCTOR,,HIGH,2099322,2,2,Published assignments cover the trusted V1 capability signals observed for the product.
1284,Elevación de Talones de Pie MO 2.0 | Obelix®,true,SELECTORIZED_MACHINE,UNMODELED,,ONTOLOGY_GAP,,,PRODUCT_FAMILY:SELECTORIZED_MACHINE|STRUCTURED_SEMANTIC_EVIDENCE:AVAILABLE,ONTOLOGY_GAP,MEDIUM,5694955,5,5,"Generic training equipment has real utility, but no single current V1 capability expresses its supported movement/function set."
1288,Air Ski Trainer Eco Smart Connect | XEBEX,true,CARDIO_MACHINE,UNMODELED,,VERIFIED_NO_APPLICABLE_CAPABILITY,,,PRODUCT_FAMILY:CARDIO_MACHINE|STRUCTURED_SEMANTIC_EVIDENCE:AVAILABLE,,HIGH,6727442,4,8,Catalog evidence identifies a cardio/accessory/support product without a current V1 strength capability.
1289,Air Cycle Eco Smart Connect | XEBEX,true,CARDIO_MACHINE,UNMODELED,,VERIFIED_NO_APPLICABLE_CAPABILITY,,,PRODUCT_FAMILY:CARDIO_MACHINE|STRUCTURED_SEMANTIC_EVIDENCE:AVAILABLE,,HIGH,6819946,6,9,Catalog evidence identifies a cardio/accessory/support product without a current V1 strength capability.
1330,Par Collarines Olímpicos de PVC 50mm Rosado | HWM®,true,MACHINE_ATTACHMENT,UNMODELED,,VERIFIED_NO_APPLICABLE_CAPABILITY,,,PRODUCT_FAMILY:MACHINE_ATTACHMENT|STRUCTURED_SEMANTIC_EVIDENCE:AVAILABLE,,HIGH,6514853.5,662,857,Catalog evidence identifies a cardio/accessory/support product without a current V1 strength capability.
1337,Banco Hip Thrust 2.0 | HWM®,true,BENCH,UNMODELED,"{""capabilityCode"":""HIP_THRUST"",""relationType"":""DIRECT""}",SEMANTIC_COMPLETE,,,PRODUCT_FAMILY:BENCH|STRUCTURED_SEMANTIC_EVIDENCE:AVAILABLE,,HIGH,24362002,146,151,Published assignments cover the trusted V1 capability signals observed for the product.
1343,Agarre Ergonómico Neutro - Accesorio Polea | Obelix,true,CABLE_MACHINE,NO_CAPABILITY_APPLICABLE,,VERIFIED_NO_APPLICABLE_CAPABILITY,,,ACCESSORY_OR_SUPPORT_SIGNAL:AVAILABLE|PRODUCT_FAMILY:CABLE_MACHINE|STRUCTURED_SEMANTIC_EVIDENCE:AVAILABLE,,HIGH,4308603,210,217,Catalog evidence identifies a cardio/accessory/support product without a current V1 strength capability.
1344,Agarre Ergonómico Medio - Accesorio Polea | Obelix,true,CABLE_MACHINE,NO_CAPABILITY_APPLICABLE,,VERIFIED_NO_APPLICABLE_CAPABILITY,,,ACCESSORY_OR_SUPPORT_SIGNAL:AVAILABLE|PRODUCT_FAMILY:CABLE_MACHINE|STRUCTURED_SEMANTIC_EVIDENCE:AVAILABLE,,HIGH,5727575.5,248,254,Catalog evidence identifies a cardio/accessory/support product without a current V1 strength capability.
1345,Agarre Ergonómico Amplio - Accesorio Polea | Obelix,true,CABLE_MACHINE,NO_CAPABILITY_APPLICABLE,,VERIFIED_NO_APPLICABLE_CAPABILITY,,,ACCESSORY_OR_SUPPORT_SIGNAL:AVAILABLE|PRODUCT_FAMILY:CABLE_MACHINE|STRUCTURED_SEMANTIC_EVIDENCE:AVAILABLE,,HIGH,4818865,165,169,Catalog evidence identifies a cardio/accessory/support product without a current V1 strength capability.
1346,Soga de Tríceps Unilateral - Accesorio Polea | Obelix,true,CABLE_MACHINE,NO_CAPABILITY_APPLICABLE,,VERIFIED_NO_APPLICABLE_CAPABILITY,,,ACCESSORY_OR_SUPPORT_SIGNAL:AVAILABLE|PRODUCT_FAMILY:CABLE_MACHINE|STRUCTURED_SEMANTIC_EVIDENCE:AVAILABLE,,HIGH,1839158.5,158,223,Catalog evidence identifies a cardio/accessory/support product without a current V1 strength capability.
1347,Soga de Tríceps Ergonómica - Accesorio Polea | Obelix,true,CABLE_MACHINE,NO_CAPABILITY_APPLICABLE,,VERIFIED_NO_APPLICABLE_CAPABILITY,,,ACCESSORY_OR_SUPPORT_SIGNAL:AVAILABLE|PRODUCT_FAMILY:CABLE_MACHINE|STRUCTURED_SEMANTIC_EVIDENCE:AVAILABLE,,HIGH,4123061.8,114,138,Catalog evidence identifies a cardio/accessory/support product without a current V1 strength capability.
1348,Agarre Multipropósito - Accesorio Polea | Obelix,true,CABLE_MACHINE,NO_CAPABILITY_APPLICABLE,,VERIFIED_NO_APPLICABLE_CAPABILITY,,,ACCESSORY_OR_SUPPORT_SIGNAL:AVAILABLE|PRODUCT_FAMILY:CABLE_MACHINE|STRUCTURED_SEMANTIC_EVIDENCE:AVAILABLE,,HIGH,2666206.5,132,165,Catalog evidence identifies a cardio/accessory/support product without a current V1 strength capability.
1349,Agarre Manilla Simple de Caucho - Accesorio Polea (Par) | Obelix,true,CABLE_MACHINE,NO_CAPABILITY_APPLICABLE,,VERIFIED_NO_APPLICABLE_CAPABILITY,,,ACCESSORY_OR_SUPPORT_SIGNAL:AVAILABLE|PRODUCT_FAMILY:CABLE_MACHINE|STRUCTURED_SEMANTIC_EVIDENCE:AVAILABLE,,HIGH,2255434.6,192,269,Catalog evidence identifies a cardio/accessory/support product without a current V1 strength capability.
1350,"Barra Pulldown ""D"" Grip - Accesorio Polea | Obelix",true,CABLE_MACHINE,NO_CAPABILITY_APPLICABLE,,VERIFIED_NO_APPLICABLE_CAPABILITY,,,ACCESSORY_OR_SUPPORT_SIGNAL:AVAILABLE|PRODUCT_FAMILY:CABLE_MACHINE|STRUCTURED_SEMANTIC_EVIDENCE:AVAILABLE,,HIGH,2919020.475,121,124,Catalog evidence identifies a cardio/accessory/support product without a current V1 strength capability.
1351,Agarre Simple Landmine | HWM®,true,MACHINE_ATTACHMENT,NO_CAPABILITY_APPLICABLE,,VERIFIED_NO_APPLICABLE_CAPABILITY,,,ACCESSORY_OR_SUPPORT_SIGNAL:AVAILABLE|PRODUCT_FAMILY:MACHINE_ATTACHMENT|STRUCTURED_SEMANTIC_EVIDENCE:AVAILABLE,,HIGH,1723963,113,133,Catalog evidence identifies a cardio/accessory/support product without a current V1 strength capability.
1352,Agarre Amplio Landmine | HWM®,true,MACHINE_ATTACHMENT,NO_CAPABILITY_APPLICABLE,,VERIFIED_NO_APPLICABLE_CAPABILITY,,,ACCESSORY_OR_SUPPORT_SIGNAL:AVAILABLE|PRODUCT_FAMILY:MACHINE_ATTACHMENT|STRUCTURED_SEMANTIC_EVIDENCE:AVAILABLE,,HIGH,4768889.5,131,143,Catalog evidence identifies a cardio/accessory/support product without a current V1 strength capability.
1353,Agarre T-Bar Landmine | HWM®,true,MACHINE_ATTACHMENT,NO_CAPABILITY_APPLICABLE,,VERIFIED_NO_APPLICABLE_CAPABILITY,,,ACCESSORY_OR_SUPPORT_SIGNAL:AVAILABLE|PRODUCT_FAMILY:MACHINE_ATTACHMENT|STRUCTURED_SEMANTIC_EVIDENCE:AVAILABLE,,HIGH,5245758,188,202,Catalog evidence identifies a cardio/accessory/support product without a current V1 strength capability.
1354,Deadlift Jack Bar | HWM®,true,UNKNOWN,UNMODELED,,VERIFIED_NO_APPLICABLE_CAPABILITY,,,ACCESSORY_OR_SUPPORT_SIGNAL:AVAILABLE|DEFERRED_SIGNAL:DEADLIFT|PRODUCT_FAMILY:UNKNOWN|STRUCTURED_SEMANTIC_EVIDENCE:AVAILABLE,,HIGH,4008362,103,122,Deferred evidence is classified as non-publishable (ACCESSORY); no V1 assignment is applicable.
1386,Par Agarres OCR Pull Up Balls de Madera 90mm | Araknido,true,BODYWEIGHT_GYMNASTICS,UNMODELED,,VERIFIED_NO_APPLICABLE_CAPABILITY,,,ACCESSORY_OR_SUPPORT_SIGNAL:AVAILABLE|PRODUCT_FAMILY:BODYWEIGHT_GYMNASTICS|STRUCTURED_SEMANTIC_EVIDENCE:AVAILABLE,,HIGH,797669.5,62,62,Catalog evidence identifies a cardio/accessory/support product without a current V1 strength capability.
1427,Polea de Muro 1.0 ZR Series | PROmachine,true,CABLE_MACHINE,INSUFFICIENT_EVIDENCE,,DATA_GAP,,,PRODUCT_FAMILY:CABLE_MACHINE|STRUCTURED_SEMANTIC_EVIDENCE:AVAILABLE,DATA_GAP,LOW,107054339.5,622,672,Exact missing data: trusted structured category or semantic feature evidence needed to decide whether a V1 capability applies.
1449,Banco Multifuncional + Bandas de Resistencia | Forza,true,BENCH,UNMODELED,"{""capabilityCode"":""LEG_CURL"",""relationType"":""DIRECT""}",SEMANTIC_COMPLETE,,,ACCESSORY_OR_SUPPORT_SIGNAL:AVAILABLE|MULTIFUNCTION_SIGNAL:AVAILABLE|PRODUCT_FAMILY:BENCH|STRUCTURED_SEMANTIC_EVIDENCE:AVAILABLE,,HIGH,11441999,151,151,Published assignments cover the trusted V1 capability signals observed for the product.
1450,Máquina Home Gym PRO FZ402B 68kg | Forza,true,CABLE_MACHINE,UNMODELED,,ONTOLOGY_GAP,,,PRODUCT_FAMILY:CABLE_MACHINE|STRUCTURED_SEMANTIC_EVIDENCE:AVAILABLE,ONTOLOGY_GAP,MEDIUM,9207185,44,44,"Generic training equipment has real utility, but no single current V1 capability expresses its supported movement/function set."
1451,Máquina Home Gym ULTRA FZ410 68kg | Forza,true,CABLE_MACHINE,UNMODELED,,ONTOLOGY_GAP,,,PRODUCT_FAMILY:CABLE_MACHINE|STRUCTURED_SEMANTIC_EVIDENCE:AVAILABLE,ONTOLOGY_GAP,MEDIUM,14049315,55,55,"Generic training equipment has real utility, but no single current V1 capability expresses its supported movement/function set."
1452,Par Mini Barras Paralelas de Madera 7cm | Araknido,true,BODYWEIGHT_GYMNASTICS,UNMODELED,"{""capabilityCode"":""DIP"",""relationType"":""DIRECT""}",SEMANTIC_COMPLETE,,,ACCESSORY_OR_SUPPORT_SIGNAL:AVAILABLE|PRODUCT_FAMILY:BODYWEIGHT_GYMNASTICS|STRUCTURED_SEMANTIC_EVIDENCE:AVAILABLE,,HIGH,1212737,62,71,Published assignments cover the trusted V1 capability signals observed for the product.
1453,Par Barras Paralelas de Madera Standard 10cm | Araknido,true,BODYWEIGHT_GYMNASTICS,UNMODELED,"{""capabilityCode"":""DIP"",""relationType"":""DIRECT""}",SEMANTIC_COMPLETE,,,ACCESSORY_OR_SUPPORT_SIGNAL:AVAILABLE|PRODUCT_FAMILY:BODYWEIGHT_GYMNASTICS|STRUCTURED_SEMANTIC_EVIDENCE:AVAILABLE,,HIGH,1592635.4,68,74,Published assignments cover the trusted V1 capability signals observed for the product.
1454,Par Barras Paralelas de Madera High 17cm | Araknido,true,BODYWEIGHT_GYMNASTICS,UNMODELED,"{""capabilityCode"":""DIP"",""relationType"":""DIRECT""}",SEMANTIC_COMPLETE,,,ACCESSORY_OR_SUPPORT_SIGNAL:AVAILABLE|PRODUCT_FAMILY:BODYWEIGHT_GYMNASTICS|STRUCTURED_SEMANTIC_EVIDENCE:AVAILABLE,,HIGH,1922604.5,79,80,Published assignments cover the trusted V1 capability signals observed for the product.
1455,Wall Crossover Black ZR Series | PROmachine,true,CABLE_MACHINE,UNMODELED,,ONTOLOGY_GAP,,,MULTIFUNCTION_SIGNAL:AVAILABLE|PRODUCT_FAMILY:CABLE_MACHINE|STRUCTURED_SEMANTIC_EVIDENCE:AVAILABLE,ONTOLOGY_GAP,MEDIUM,41624731,36,36,"Generic training equipment has real utility, but no single current V1 capability expresses its supported movement/function set."
1486,Bicicleta de Spinning 850S | VORTEC,true,CARDIO_MACHINE,UNMODELED,,VERIFIED_NO_APPLICABLE_CAPABILITY,,,ACCESSORY_OR_SUPPORT_SIGNAL:AVAILABLE|PRODUCT_FAMILY:CARDIO_MACHINE|STRUCTURED_SEMANTIC_EVIDENCE:AVAILABLE,,HIGH,35054613,32,59,Catalog evidence identifies a cardio/accessory/support product without a current V1 strength capability.
1487,Bicicleta de Spinning 812NX | VORTEC,true,CARDIO_MACHINE,UNMODELED,,VERIFIED_NO_APPLICABLE_CAPABILITY,,,ACCESSORY_OR_SUPPORT_SIGNAL:AVAILABLE|PRODUCT_FAMILY:CARDIO_MACHINE|STRUCTURED_SEMANTIC_EVIDENCE:AVAILABLE,,HIGH,13034835,22,24,Catalog evidence identifies a cardio/accessory/support product without a current V1 strength capability.
1500,Press de Hombro MO 2.0 Obelix®,true,SELECTORIZED_MACHINE,UNMODELED,"{""capabilityCode"":""SHOULDER_PRESS"",""relationType"":""DIRECT""}",SEMANTIC_COMPLETE,SHOULDER_PRESS,,PRODUCT_FAMILY:SELECTORIZED_MACHINE|STRUCTURED_SEMANTIC_EVIDENCE:AVAILABLE|TRUSTED_V1_SIGNAL:SHOULDER_PRESS,,HIGH,3669971,3,3,Published assignments cover the trusted V1 capability signals observed for the product.
1501,Dual Dominada / Fondo Asistida MO 2.0 Obelix®,true,SELECTORIZED_MACHINE,UNMODELED,"{""capabilityCode"":""PULL_UP"",""relationType"":""SUPPORTED""}",SEMANTIC_COMPLETE,,,MULTIFUNCTION_SIGNAL:AVAILABLE|PRODUCT_FAMILY:SELECTORIZED_MACHINE|STRUCTURED_SEMANTIC_EVIDENCE:AVAILABLE,,HIGH,15583867,14,14,Published assignments cover the trusted V1 capability signals observed for the product.
1502,Curl Femoral Sentado MO 2.0 Obelix®,true,SELECTORIZED_MACHINE,UNMODELED,"{""capabilityCode"":""LEG_CURL"",""relationType"":""DIRECT""}",SEMANTIC_COMPLETE,LEG_CURL,,PRODUCT_FAMILY:SELECTORIZED_MACHINE|STRUCTURED_SEMANTIC_EVIDENCE:AVAILABLE|TRUSTED_V1_SIGNAL:LEG_CURL,,HIGH,7839944,6,6,Published assignments cover the trusted V1 capability signals observed for the product.
1503,Remo Bajo MO 2.0 | Obelix®,true,SELECTORIZED_MACHINE,UNMODELED,"{""capabilityCode"":""ROW"",""relationType"":""DIRECT""}",SEMANTIC_COMPLETE,ROW,,PRODUCT_FAMILY:SELECTORIZED_MACHINE|STRUCTURED_SEMANTIC_EVIDENCE:AVAILABLE|TRUSTED_V1_SIGNAL:ROW,,HIGH,7279945,6,6,Published assignments cover the trusted V1 capability signals observed for the product.
1504,Dual Cuádriceps / Femoral Sentado MO 2.0 | Obelix®,true,SELECTORIZED_MACHINE,INSUFFICIENT_EVIDENCE,,NEEDS_REVIEW,LEG_EXTENSION|LEG_CURL,LEG_EXTENSION|LEG_CURL,MULTIFUNCTION_SIGNAL:AVAILABLE|PRODUCT_FAMILY:SELECTORIZED_MACHINE|STRUCTURED_SEMANTIC_EVIDENCE:AVAILABLE|TRUSTED_V1_SIGNAL:LEG_CURL|LEG_EXTENSION,QUALITY_REVIEW,MEDIUM,74825638,60,60,"Multiple or multifunction V1 signals require product-level adjudication before publishing LEG_EXTENSION, LEG_CURL."
1505,Dual Abductor / Aductor MO 2.0 | Obelix®,true,SELECTORIZED_MACHINE,UNMODELED,"{""capabilityCode"":""ABDUCTOR"",""relationType"":""DIRECT""}|{""capabilityCode"":""ADDUCTOR"",""relationType"":""DIRECT""}",SEMANTIC_COMPLETE,ADDUCTOR|ABDUCTOR,,MULTIFUNCTION_SIGNAL:AVAILABLE|PRODUCT_FAMILY:SELECTORIZED_MACHINE|STRUCTURED_SEMANTIC_EVIDENCE:AVAILABLE|TRUSTED_V1_SIGNAL:ABDUCTOR|ADDUCTOR,,HIGH,61567529,49,51,Published assignments cover the trusted V1 capability signals observed for the product.
1506,Dual Polea Alta / Remo Bajo MO 2.0 | Obelix®,true,CABLE_MACHINE,UNMODELED,"{""capabilityCode"":""LAT_PULLDOWN"",""relationType"":""DIRECT""}|{""capabilityCode"":""ROW"",""relationType"":""DIRECT""}",SEMANTIC_COMPLETE,LAT_PULLDOWN|ROW,,MULTIFUNCTION_SIGNAL:AVAILABLE|PRODUCT_FAMILY:CABLE_MACHINE|STRUCTURED_SEMANTIC_EVIDENCE:AVAILABLE|TRUSTED_V1_SIGNAL:LAT_PULLDOWN|ROW,,HIGH,40319086,31,32,Published assignments cover the trusted V1 capability signals observed for the product.
1507,Dual Bíceps / Tríceps MO 2.0 | Obelix®,true,SELECTORIZED_MACHINE,UNMODELED,,ONTOLOGY_GAP,,,MULTIFUNCTION_SIGNAL:AVAILABLE|PRODUCT_FAMILY:SELECTORIZED_MACHINE|STRUCTURED_SEMANTIC_EVIDENCE:AVAILABLE,ONTOLOGY_GAP,MEDIUM,7979892,7,7,"Generic training equipment has real utility, but no single current V1 capability expresses its supported movement/function set."
1508,Dual Press Pectoral / Hombros MO 2.0 | Obelix®,true,SELECTORIZED_MACHINE,INSUFFICIENT_EVIDENCE,,NEEDS_REVIEW,CHEST_PRESS|SHOULDER_PRESS,CHEST_PRESS|SHOULDER_PRESS,MULTIFUNCTION_SIGNAL:AVAILABLE|PRODUCT_FAMILY:SELECTORIZED_MACHINE|STRUCTURED_SEMANTIC_EVIDENCE:AVAILABLE|TRUSTED_V1_SIGNAL:CHEST_PRESS|SHOULDER_PRESS,QUALITY_REVIEW,MEDIUM,19407474,15,15,"Multiple or multifunction V1 signals require product-level adjudication before publishing CHEST_PRESS, SHOULDER_PRESS."
1509,Air Rower 2.0 Smart Connect | XEBEX,true,CARDIO_MACHINE,UNMODELED,,VERIFIED_NO_APPLICABLE_CAPABILITY,,,PRODUCT_FAMILY:CARDIO_MACHINE|STRUCTURED_SEMANTIC_EVIDENCE:AVAILABLE,,HIGH,10243903,11,11,Catalog evidence identifies a cardio/accessory/support product without a current V1 strength capability.
1511,Elevación de Talones Sentado MO 2.0 | Obelix®,true,PLATE_LOADED_MACHINE,UNMODELED,,ONTOLOGY_GAP,,,PRODUCT_FAMILY:PLATE_LOADED_MACHINE|STRUCTURED_SEMANTIC_EVIDENCE:AVAILABLE,ONTOLOGY_GAP,MEDIUM,2699955,5,5,"Generic training equipment has real utility, but no single current V1 capability expresses its supported movement/function set."
1512,Squat Rack MO 2.0 | Obelix®,true,RACK_CAGE,UNMODELED,,VERIFIED_NO_APPLICABLE_CAPABILITY,,,DEFERRED_SIGNAL:SQUAT|PRODUCT_FAMILY:RACK_CAGE|STRUCTURED_SEMANTIC_EVIDENCE:AVAILABLE,,HIGH,4269940,7,7,Deferred evidence is classified as non-publishable (RACK_CAGE); no V1 assignment is applicable.
1516,Polea Cruzada MO 2.0 | Obelix®,true,CABLE_MACHINE,INSUFFICIENT_EVIDENCE,,DATA_GAP,,,PRODUCT_FAMILY:CABLE_MACHINE|STRUCTURED_SEMANTIC_EVIDENCE:AVAILABLE,DATA_GAP,LOW,10299947,6,6,Exact missing data: trusted structured category or semantic feature evidence needed to decide whether a V1 capability applies.
1517,Polea Cruzada Corta MO 2.0 | Obelix®,true,CABLE_MACHINE,INSUFFICIENT_EVIDENCE,,DATA_GAP,,,PRODUCT_FAMILY:CABLE_MACHINE|STRUCTURED_SEMANTIC_EVIDENCE:AVAILABLE,DATA_GAP,LOW,51724165,26,26,Exact missing data: trusted structured category or semantic feature evidence needed to decide whether a V1 capability applies.
1535,Atril de Sentadillas Delta | HWM®,true,RACK_CAGE,UNMODELED,,ONTOLOGY_GAP,,,PRODUCT_FAMILY:RACK_CAGE|STRUCTURED_SEMANTIC_EVIDENCE:AVAILABLE,ONTOLOGY_GAP,MEDIUM,5296607.5,42,43,"Generic training equipment has real utility, but no single current V1 capability expresses its supported movement/function set."
1536,Squat Rack Delta | HWM®,true,RACK_CAGE,UNMODELED,,VERIFIED_NO_APPLICABLE_CAPABILITY,,,DEFERRED_SIGNAL:SQUAT|PRODUCT_FAMILY:RACK_CAGE|STRUCTURED_SEMANTIC_EVIDENCE:AVAILABLE,,HIGH,4105175.5,38,40,Deferred evidence is classified as non-publishable (RACK_CAGE); no V1 assignment is applicable.
1537,Half Rack Delta | HWM®,true,RACK_CAGE,UNMODELED,"{""capabilityCode"":""PULL_UP"",""relationType"":""SUPPORTED""}",SEMANTIC_COMPLETE,PULL_UP,,PRODUCT_FAMILY:RACK_CAGE|STRUCTURED_SEMANTIC_EVIDENCE:AVAILABLE|TRUSTED_V1_SIGNAL:PULL_UP,,HIGH,12178262,94,97,Published assignments cover the trusted V1 capability signals observed for the product.
1538,Power Rack Delta | HWM®,true,RACK_CAGE,UNMODELED,"{""capabilityCode"":""PULL_UP"",""relationType"":""SUPPORTED""}",SEMANTIC_COMPLETE,PULL_UP,,PRODUCT_FAMILY:RACK_CAGE|STRUCTURED_SEMANTIC_EVIDENCE:AVAILABLE|TRUSTED_V1_SIGNAL:PULL_UP,,HIGH,17036833.5,66,74,Published assignments cover the trusted V1 capability signals observed for the product.
1539,Atril de Sentadillas Alpha | HWM®,true,RACK_CAGE,UNMODELED,,ONTOLOGY_GAP,,,PRODUCT_FAMILY:RACK_CAGE|STRUCTURED_SEMANTIC_EVIDENCE:AVAILABLE,ONTOLOGY_GAP,MEDIUM,7672518.5,54,59,"Generic training equipment has real utility, but no single current V1 capability expresses its supported movement/function set."
1540,Squat Rack Alpha | HWM®,true,RACK_CAGE,UNMODELED,,VERIFIED_NO_APPLICABLE_CAPABILITY,,,DEFERRED_SIGNAL:SQUAT|PRODUCT_FAMILY:RACK_CAGE|STRUCTURED_SEMANTIC_EVIDENCE:AVAILABLE,,HIGH,4678725,29,32,Deferred evidence is classified as non-publishable (RACK_CAGE); no V1 assignment is applicable.
1541,Half Rack Alpha | HWM®,true,RACK_CAGE,UNMODELED,"{""capabilityCode"":""PULL_UP"",""relationType"":""SUPPORTED""}",SEMANTIC_COMPLETE,PULL_UP,,PRODUCT_FAMILY:RACK_CAGE|STRUCTURED_SEMANTIC_EVIDENCE:AVAILABLE|TRUSTED_V1_SIGNAL:PULL_UP,,HIGH,9491652,29,33,Published assignments cover the trusted V1 capability signals observed for the product.
1543,Power Rack Alpha | HWM®,true,RACK_CAGE,UNMODELED,"{""capabilityCode"":""DIP"",""relationType"":""SUPPORTED""}|{""capabilityCode"":""PULL_UP"",""relationType"":""SUPPORTED""}",SEMANTIC_COMPLETE,,,ACCESSORY_OR_SUPPORT_SIGNAL:AVAILABLE|PRODUCT_FAMILY:RACK_CAGE|STRUCTURED_SEMANTIC_EVIDENCE:AVAILABLE,,HIGH,43590098,128,136,Published assignments cover the trusted V1 capability signals observed for the product.
1544,Atril de Sentadillas Magnum | HWM®,true,RACK_CAGE,UNMODELED,,ONTOLOGY_GAP,,,PRODUCT_FAMILY:RACK_CAGE|STRUCTURED_SEMANTIC_EVIDENCE:AVAILABLE,ONTOLOGY_GAP,MEDIUM,4649868,18,18,"Generic training equipment has real utility, but no single current V1 capability expresses its supported movement/function set."
1545,Squat Rack Magnum | HWM®,true,RACK_CAGE,UNMODELED,,VERIFIED_NO_APPLICABLE_CAPABILITY,,,DEFERRED_SIGNAL:SQUAT|PRODUCT_FAMILY:RACK_CAGE|STRUCTURED_SEMANTIC_EVIDENCE:AVAILABLE,,HIGH,8004852,31,33,Deferred evidence is classified as non-publishable (RACK_CAGE); no V1 assignment is applicable.
1546,Half Rack Magnum | HWM®,true,RACK_CAGE,UNMODELED,"{""capabilityCode"":""PULL_UP"",""relationType"":""SUPPORTED""}",SEMANTIC_COMPLETE,PULL_UP,,PRODUCT_FAMILY:RACK_CAGE|STRUCTURED_SEMANTIC_EVIDENCE:AVAILABLE|TRUSTED_V1_SIGNAL:PULL_UP,,HIGH,9244227,19,22,Published assignments cover the trusted V1 capability signals observed for the product.
1547,Power Rack Magnum | HWM®,true,RACK_CAGE,UNMODELED,"{""capabilityCode"":""PULL_UP"",""relationType"":""SUPPORTED""}",SEMANTIC_COMPLETE,PULL_UP,,PRODUCT_FAMILY:RACK_CAGE|STRUCTURED_SEMANTIC_EVIDENCE:AVAILABLE|TRUSTED_V1_SIGNAL:PULL_UP,,HIGH,16534716,28,39,Published assignments cover the trusted V1 capability signals observed for the product.
1551,Banco Multifunción Leg/Curl Extension ZR Series | PROmachine,true,BENCH,UNMODELED,"{""capabilityCode"":""LEG_CURL"",""relationType"":""DIRECT""}",SEMANTIC_COMPLETE,,,PRODUCT_FAMILY:BENCH|STRUCTURED_SEMANTIC_EVIDENCE:AVAILABLE,,HIGH,48012738,171,174,Published assignments cover the trusted V1 capability signals observed for the product.
1578,Par Agarres OCR Pull Up Bars de Madera 60mm | Araknido,true,BODYWEIGHT_GYMNASTICS,UNMODELED,,VERIFIED_NO_APPLICABLE_CAPABILITY,,,ACCESSORY_OR_SUPPORT_SIGNAL:AVAILABLE|PRODUCT_FAMILY:BODYWEIGHT_GYMNASTICS|STRUCTURED_SEMANTIC_EVIDENCE:AVAILABLE,,HIGH,642058,37,37,Catalog evidence identifies a cardio/accessory/support product without a current V1 strength capability.
1604,Powerlifting Combo Rack Heavy Duty | KONG,true,RACK_CAGE,UNMODELED,,AMBIGUOUS,,,PRODUCT_FAMILY:RACK_CAGE|STRUCTURED_SEMANTIC_EVIDENCE:AVAILABLE,AMBIGUITY,MEDIUM,17576531,13,15,Pack or multi-use wording prevents a deterministic product-level capability decision.
1619,Pack Dúo Leg Curl/Extension MO 2.0 | Obelix,true,UNKNOWN,UNMODELED,"{""capabilityCode"":""LEG_CURL"",""relationType"":""DIRECT""}|{""capabilityCode"":""LEG_EXTENSION"",""relationType"":""DIRECT""}",SEMANTIC_COMPLETE,LEG_EXTENSION|LEG_CURL,,MULTIFUNCTION_SIGNAL:AVAILABLE|PRODUCT_FAMILY:UNKNOWN|STRUCTURED_SEMANTIC_EVIDENCE:AVAILABLE|TRUSTED_V1_SIGNAL:LEG_CURL|LEG_EXTENSION,,HIGH,11474915,5,5,Published assignments cover the trusted V1 capability signals observed for the product.
1620,Pack Dúo Abductor/Aductor MO 2.0 | Obelix,true,UNKNOWN,UNMODELED,"{""capabilityCode"":""ABDUCTOR"",""relationType"":""DIRECT""}|{""capabilityCode"":""ADDUCTOR"",""relationType"":""DIRECT""}",SEMANTIC_COMPLETE,ADDUCTOR|ABDUCTOR,,MULTIFUNCTION_SIGNAL:AVAILABLE|PRODUCT_FAMILY:UNKNOWN|STRUCTURED_SEMANTIC_EVIDENCE:AVAILABLE|TRUSTED_V1_SIGNAL:ABDUCTOR|ADDUCTOR,,HIGH,10199915,5,5,Published assignments cover the trusted V1 capability signals observed for the product.
1621,Pack 4 Bicicletas de Spinning Training Lite Series | Obelix,true,CARDIO_MACHINE,UNMODELED,,VERIFIED_NO_APPLICABLE_CAPABILITY,,,ACCESSORY_OR_SUPPORT_SIGNAL:AVAILABLE|PRODUCT_FAMILY:CARDIO_MACHINE|STRUCTURED_SEMANTIC_EVIDENCE:AVAILABLE,,HIGH,1679960,1,1,Catalog evidence identifies a cardio/accessory/support product without a current V1 strength capability.
1653,Hip Thrust de Pie MO 2.0 | Obelix®,true,PLATE_LOADED_MACHINE,UNMODELED,"{""capabilityCode"":""HIP_THRUST"",""relationType"":""DIRECT""}",SEMANTIC_COMPLETE,HIP_THRUST,,PRODUCT_FAMILY:PLATE_LOADED_MACHINE|STRUCTURED_SEMANTIC_EVIDENCE:AVAILABLE|TRUSTED_V1_SIGNAL:HIP_THRUST,,HIGH,599994,1,1,Published assignments cover the trusted V1 capability signals observed for the product.
1654,V-Squat Beast | Obelix,true,PLATE_LOADED_MACHINE,UNMODELED,,ONTOLOGY_GAP,,,DEFERRED_SIGNAL:SQUAT|PRODUCT_FAMILY:PLATE_LOADED_MACHINE|STRUCTURED_SEMANTIC_EVIDENCE:AVAILABLE,ONTOLOGY_GAP,HIGH,4759972,3,3,Product is a credible dedicated machine for deferred capability SQUAT; the current V1 registry intentionally cannot represent it.
1655,Prensa Pivote Beast | Obelix,true,PLATE_LOADED_MACHINE,UNMODELED,,ONTOLOGY_GAP,,,PRODUCT_FAMILY:PLATE_LOADED_MACHINE|STRUCTURED_SEMANTIC_EVIDENCE:AVAILABLE,ONTOLOGY_GAP,MEDIUM,0,0,0,"Generic training equipment has real utility, but no single current V1 capability expresses its supported movement/function set."
1656,Extensión de Cuádriceps Iso Lateral Beast | Obelix,true,PLATE_LOADED_MACHINE,UNMODELED,"{""capabilityCode"":""LEG_EXTENSION"",""relationType"":""DIRECT""}",SEMANTIC_COMPLETE,LEG_EXTENSION,,PRODUCT_FAMILY:PLATE_LOADED_MACHINE|STRUCTURED_SEMANTIC_EVIDENCE:AVAILABLE|TRUSTED_V1_SIGNAL:LEG_EXTENSION,,HIGH,4509953,5,5,Published assignments cover the trusted V1 capability signals observed for the product.
1657,Curl Femoral Acostado Iso Lateral Beast | Obelix,true,PLATE_LOADED_MACHINE,UNMODELED,"{""capabilityCode"":""LEG_CURL"",""relationType"":""DIRECT""}",SEMANTIC_COMPLETE,LEG_CURL,,PRODUCT_FAMILY:PLATE_LOADED_MACHINE|STRUCTURED_SEMANTIC_EVIDENCE:AVAILABLE|TRUSTED_V1_SIGNAL:LEG_CURL,,HIGH,3959955,5,5,Published assignments cover the trusted V1 capability signals observed for the product.
1658,Prensa Inclinada 45° Lineal Beast | Obelix,true,PLATE_LOADED_MACHINE,UNMODELED,,ONTOLOGY_GAP,,,PRODUCT_FAMILY:PLATE_LOADED_MACHINE|STRUCTURED_SEMANTIC_EVIDENCE:AVAILABLE,ONTOLOGY_GAP,MEDIUM,5925249,4,4,"Generic training equipment has real utility, but no single current V1 capability expresses its supported movement/function set."
1660,Dual Prensa Hack Beast | Obelix,true,PLATE_LOADED_MACHINE,UNMODELED,,ONTOLOGY_GAP,,,MULTIFUNCTION_SIGNAL:AVAILABLE|PRODUCT_FAMILY:PLATE_LOADED_MACHINE|STRUCTURED_SEMANTIC_EVIDENCE:AVAILABLE,ONTOLOGY_GAP,MEDIUM,11385946,6,6,"Generic training equipment has real utility, but no single current V1 capability expresses its supported movement/function set."
1661,Prensa Hack 35º Lineal Beast | Obelix,true,PLATE_LOADED_MACHINE,UNMODELED,,ONTOLOGY_GAP,,,PRODUCT_FAMILY:PLATE_LOADED_MACHINE|STRUCTURED_SEMANTIC_EVIDENCE:AVAILABLE,ONTOLOGY_GAP,MEDIUM,0,0,0,"Generic training equipment has real utility, but no single current V1 capability expresses its supported movement/function set."
1662,Prensa Vertical 90º Beast | Obelix,true,PLATE_LOADED_MACHINE,UNMODELED,,ONTOLOGY_GAP,,,PRODUCT_FAMILY:PLATE_LOADED_MACHINE|STRUCTURED_SEMANTIC_EVIDENCE:AVAILABLE,ONTOLOGY_GAP,MEDIUM,1619991,1,1,"Generic training equipment has real utility, but no single current V1 capability expresses its supported movement/function set."
1663,Prensa Péndulo Beast | Obelix,true,PLATE_LOADED_MACHINE,UNMODELED,,ONTOLOGY_GAP,,,PRODUCT_FAMILY:PLATE_LOADED_MACHINE|STRUCTURED_SEMANTIC_EVIDENCE:AVAILABLE,ONTOLOGY_GAP,MEDIUM,3639980,2,2,"Generic training equipment has real utility, but no single current V1 capability expresses its supported movement/function set."
1664,Multi Fly de Pie MO 2.0 | Obelix®,true,SELECTORIZED_MACHINE,UNMODELED,,ONTOLOGY_GAP,,,MULTIFUNCTION_SIGNAL:AVAILABLE|PRODUCT_FAMILY:SELECTORIZED_MACHINE|STRUCTURED_SEMANTIC_EVIDENCE:AVAILABLE,ONTOLOGY_GAP,MEDIUM,10159935,7,7,"Generic training equipment has real utility, but no single current V1 capability expresses its supported movement/function set."
1705,Barra Pull Up Para Puerta 2.0 | Forza,true,BODYWEIGHT_GYMNASTICS,UNMODELED,"{""capabilityCode"":""PULL_UP"",""relationType"":""DIRECT""}",SEMANTIC_COMPLETE,PULL_UP,,PRODUCT_FAMILY:BODYWEIGHT_GYMNASTICS|STRUCTURED_SEMANTIC_EVIDENCE:AVAILABLE|TRUSTED_V1_SIGNAL:PULL_UP,,HIGH,561370,35,36,Published assignments cover the trusted V1 capability signals observed for the product.
1707,Squat Rack Ajustable Con Soporte De Fondos | Forza,true,RACK_CAGE,UNMODELED,"{""capabilityCode"":""DIP"",""relationType"":""SUPPORTED""}",SEMANTIC_COMPLETE,,,ACCESSORY_OR_SUPPORT_SIGNAL:AVAILABLE|DEFERRED_SIGNAL:SQUAT|PRODUCT_FAMILY:RACK_CAGE|STRUCTURED_SEMANTIC_EVIDENCE:AVAILABLE,,HIGH,7025888,68,72,Published assignments cover the trusted V1 capability signals observed for the product.
1708,Trotadora Home FZ100 Pro | Forza,true,CARDIO_MACHINE,UNMODELED,,VERIFIED_NO_APPLICABLE_CAPABILITY,,,PRODUCT_FAMILY:CARDIO_MACHINE|STRUCTURED_SEMANTIC_EVIDENCE:AVAILABLE,,HIGH,11237217.5,36,36,Catalog evidence identifies a cardio/accessory/support product without a current V1 strength capability.
1807,Par J-Cups Accesorio Delta | HWM®,true,MACHINE_ATTACHMENT,NO_CAPABILITY_APPLICABLE,,VERIFIED_NO_APPLICABLE_CAPABILITY,,,ACCESSORY_OR_SUPPORT_SIGNAL:AVAILABLE|PRODUCT_FAMILY:MACHINE_ATTACHMENT|STRUCTURED_SEMANTIC_EVIDENCE:AVAILABLE,,HIGH,1599974,48,59,Catalog evidence identifies a cardio/accessory/support product without a current V1 strength capability.
1808,Landmine de Suelo Accesorio Delta | HWM®,true,MACHINE_ATTACHMENT,NO_CAPABILITY_APPLICABLE,,VERIFIED_NO_APPLICABLE_CAPABILITY,,,ACCESSORY_OR_SUPPORT_SIGNAL:AVAILABLE|PRODUCT_FAMILY:MACHINE_ATTACHMENT|STRUCTURED_SEMANTIC_EVIDENCE:AVAILABLE,,HIGH,2050443.5,39,47,Catalog evidence identifies a cardio/accessory/support product without a current V1 strength capability.
1809,Landmine 1.0 Accesorio Delta | HWM®,true,MACHINE_ATTACHMENT,NO_CAPABILITY_APPLICABLE,,VERIFIED_NO_APPLICABLE_CAPABILITY,,,ACCESSORY_OR_SUPPORT_SIGNAL:AVAILABLE|PRODUCT_FAMILY:MACHINE_ATTACHMENT|STRUCTURED_SEMANTIC_EVIDENCE:AVAILABLE,,HIGH,1152833,42,42,Catalog evidence identifies a cardio/accessory/support product without a current V1 strength capability.
1810,Barra Pull Up Multigrip Accesorio Delta | HWM®,true,BODYWEIGHT_GYMNASTICS,NO_CAPABILITY_APPLICABLE,,VERIFIED_NO_APPLICABLE_CAPABILITY,,,ACCESSORY_OR_SUPPORT_SIGNAL:AVAILABLE|PRODUCT_FAMILY:BODYWEIGHT_GYMNASTICS|STRUCTURED_SEMANTIC_EVIDENCE:AVAILABLE,,HIGH,297926.5,9,9,Catalog evidence identifies a cardio/accessory/support product without a current V1 strength capability.
1811,Polea Crossover Accesorio Delta | HWM®,true,CABLE_MACHINE,NO_CAPABILITY_APPLICABLE,,VERIFIED_NO_APPLICABLE_CAPABILITY,,,ACCESSORY_OR_SUPPORT_SIGNAL:AVAILABLE|MULTIFUNCTION_SIGNAL:AVAILABLE|PRODUCT_FAMILY:CABLE_MACHINE|STRUCTURED_SEMANTIC_EVIDENCE:AVAILABLE,,HIGH,3397468,8,8,Catalog evidence identifies a cardio/accessory/support product without a current V1 strength capability.
1813,Polea Alta/Remo Accesorio Delta | HWM®,true,CABLE_MACHINE,NO_CAPABILITY_APPLICABLE,,VERIFIED_NO_APPLICABLE_CAPABILITY,,,ACCESSORY_OR_SUPPORT_SIGNAL:AVAILABLE|PRODUCT_FAMILY:CABLE_MACHINE|STRUCTURED_SEMANTIC_EVIDENCE:AVAILABLE,,HIGH,2767922,11,11,Catalog evidence identifies a cardio/accessory/support product without a current V1 strength capability.
1814,Soporte de Barra x1 Accesorio Delta | HWM®,true,MACHINE_ATTACHMENT,NO_CAPABILITY_APPLICABLE,,VERIFIED_NO_APPLICABLE_CAPABILITY,,,ACCESSORY_OR_SUPPORT_SIGNAL:AVAILABLE|PRODUCT_FAMILY:MACHINE_ATTACHMENT|STRUCTURED_SEMANTIC_EVIDENCE:AVAILABLE,,HIGH,371847,18,20,Catalog evidence identifies a cardio/accessory/support product without a current V1 strength capability.
1815,Soporte de Barra x2 Accesorio Delta | HWM®,true,MACHINE_ATTACHMENT,NO_CAPABILITY_APPLICABLE,,VERIFIED_NO_APPLICABLE_CAPABILITY,,,ACCESSORY_OR_SUPPORT_SIGNAL:AVAILABLE|PRODUCT_FAMILY:MACHINE_ATTACHMENT|STRUCTURED_SEMANTIC_EVIDENCE:AVAILABLE,,HIGH,458875,14,15,Catalog evidence identifies a cardio/accessory/support product without a current V1 strength capability.
1816,Par de Soportes Para Discos Olímpicos Accesorio Delta | HWM®,true,MACHINE_ATTACHMENT,NO_CAPABILITY_APPLICABLE,,VERIFIED_NO_APPLICABLE_CAPABILITY,,,ACCESSORY_OR_SUPPORT_SIGNAL:AVAILABLE|PRODUCT_FAMILY:MACHINE_ATTACHMENT|STRUCTURED_SEMANTIC_EVIDENCE:AVAILABLE,,HIGH,2695050,72,81,Catalog evidence identifies a cardio/accessory/support product without a current V1 strength capability.
1817,Soporte Para Fondos Accesorio Delta | HWM®,true,MACHINE_ATTACHMENT,NO_CAPABILITY_APPLICABLE,,VERIFIED_NO_APPLICABLE_CAPABILITY,,,ACCESSORY_OR_SUPPORT_SIGNAL:AVAILABLE|PRODUCT_FAMILY:MACHINE_ATTACHMENT|STRUCTURED_SEMANTIC_EVIDENCE:AVAILABLE,,HIGH,907968,29,30,Catalog evidence identifies a cardio/accessory/support product without a current V1 strength capability.
1832,Preacher Pad Biceps Curl | Rising,true,UNKNOWN,NO_CAPABILITY_APPLICABLE,,VERIFIED_NO_APPLICABLE_CAPABILITY,,,ACCESSORY_OR_SUPPORT_SIGNAL:AVAILABLE|DEFERRED_SIGNAL:BICEPS_CURL|PRODUCT_FAMILY:UNKNOWN|STRUCTURED_SEMANTIC_EVIDENCE:AVAILABLE,,HIGH,837795,29,29,Deferred evidence is classified as non-publishable (ACCESSORY); no V1 assignment is applicable.
1856,Rack Multifuncional Pull Up / Dip Bar | Rising,true,BODYWEIGHT_GYMNASTICS,UNMODELED,"{""capabilityCode"":""DIP"",""relationType"":""DIRECT""}|{""capabilityCode"":""PULL_UP"",""relationType"":""DIRECT""}",SEMANTIC_COMPLETE,,,ACCESSORY_OR_SUPPORT_SIGNAL:AVAILABLE|MULTIFUNCTION_SIGNAL:AVAILABLE|PRODUCT_FAMILY:BODYWEIGHT_GYMNASTICS|STRUCTURED_SEMANTIC_EVIDENCE:AVAILABLE,,HIGH,4144719,20,20,Published assignments cover the trusted V1 capability signals observed for the product.
1858,Barra Pull Up de Muro | Rising,true,BODYWEIGHT_GYMNASTICS,UNMODELED,"{""capabilityCode"":""PULL_UP"",""relationType"":""DIRECT""}",SEMANTIC_COMPLETE,,,ACCESSORY_OR_SUPPORT_SIGNAL:AVAILABLE|PRODUCT_FAMILY:BODYWEIGHT_GYMNASTICS|STRUCTURED_SEMANTIC_EVIDENCE:AVAILABLE,,HIGH,1139886,15,15,Published assignments cover the trusted V1 capability signals observed for the product.
1862,Jaula Smith Machine ZR Series | PROmachine,true,PLATE_LOADED_MACHINE,UNMODELED,"{""capabilityCode"":""PULL_UP"",""relationType"":""SUPPORTED""}",SEMANTIC_COMPLETE,PULL_UP,,PRODUCT_FAMILY:PLATE_LOADED_MACHINE|STRUCTURED_SEMANTIC_EVIDENCE:AVAILABLE|TRUSTED_V1_SIGNAL:PULL_UP,,HIGH,33081423,60,61,Published assignments cover the trusted V1 capability signals observed for the product.
1880,Dual Bíceps/Tríceps ZR Series | PROmachine,true,PLATE_LOADED_MACHINE,UNMODELED,,VERIFIED_NO_APPLICABLE_CAPABILITY,,,ACCESSORY_OR_SUPPORT_SIGNAL:AVAILABLE|MULTIFUNCTION_SIGNAL:AVAILABLE|PRODUCT_FAMILY:PLATE_LOADED_MACHINE|STRUCTURED_SEMANTIC_EVIDENCE:AVAILABLE,,HIGH,6262535,27,27,Catalog evidence identifies a cardio/accessory/support product without a current V1 strength capability.
1881,Escalera Home Led S1 Series | Obelix®,true,CARDIO_MACHINE,UNMODELED,,VERIFIED_NO_APPLICABLE_CAPABILITY,,,PRODUCT_FAMILY:CARDIO_MACHINE|STRUCTURED_SEMANTIC_EVIDENCE:AVAILABLE,,HIGH,12119920,9,9,Catalog evidence identifies a cardio/accessory/support product without a current V1 strength capability.
1884,Squat Machine ZR Series | PROmachine,true,PLATE_LOADED_MACHINE,UNMODELED,,ONTOLOGY_GAP,,,DEFERRED_SIGNAL:SQUAT|PRODUCT_FAMILY:PLATE_LOADED_MACHINE|STRUCTURED_SEMANTIC_EVIDENCE:AVAILABLE,ONTOLOGY_GAP,HIGH,9824843,22,22,Product is a credible dedicated machine for deferred capability SQUAT; the current V1 registry intentionally cannot represent it.
1885,Remo Sentado ISO ZR Series | PROmachine,true,PLATE_LOADED_MACHINE,UNMODELED,"{""capabilityCode"":""ROW"",""relationType"":""DIRECT""}",SEMANTIC_COMPLETE,ROW,,PRODUCT_FAMILY:PLATE_LOADED_MACHINE|STRUCTURED_SEMANTIC_EVIDENCE:AVAILABLE|TRUSTED_V1_SIGNAL:ROW,,HIGH,13823284,60,60,Published assignments cover the trusted V1 capability signals observed for the product.
1886,T-Bar Row ZR Series | PROmachine,true,PLATE_LOADED_MACHINE,UNMODELED,,VERIFIED_NO_APPLICABLE_CAPABILITY,,,ACCESSORY_OR_SUPPORT_SIGNAL:AVAILABLE|PRODUCT_FAMILY:PLATE_LOADED_MACHINE|STRUCTURED_SEMANTIC_EVIDENCE:AVAILABLE,,HIGH,3799875,14,15,Catalog evidence identifies a cardio/accessory/support product without a current V1 strength capability.
1887,Polea Alta/Remo ZR Series | PROmachine,true,CABLE_MACHINE,UNMODELED,"{""capabilityCode"":""LAT_PULLDOWN"",""relationType"":""DIRECT""}|{""capabilityCode"":""ROW"",""relationType"":""DIRECT""}",SEMANTIC_COMPLETE,,,ACCESSORY_OR_SUPPORT_SIGNAL:AVAILABLE|PRODUCT_FAMILY:CABLE_MACHINE|STRUCTURED_SEMANTIC_EVIDENCE:AVAILABLE,,HIGH,4455383,14,14,Published assignments cover the trusted V1 capability signals observed for the product.
1918,Trotadora Comercial S1Pro Series TFT Touch | Obelix®,true,CARDIO_MACHINE,UNMODELED,,VERIFIED_NO_APPLICABLE_CAPABILITY,,,PRODUCT_FAMILY:CARDIO_MACHINE|STRUCTURED_SEMANTIC_EVIDENCE:AVAILABLE,,HIGH,11359949,5,6,Catalog evidence identifies a cardio/accessory/support product without a current V1 strength capability.
1921,Dual Crossover MO 2.0 | Obelix®,true,CABLE_MACHINE,UNMODELED,,ONTOLOGY_GAP,,,MULTIFUNCTION_SIGNAL:AVAILABLE|PRODUCT_FAMILY:CABLE_MACHINE|STRUCTURED_SEMANTIC_EVIDENCE:AVAILABLE,ONTOLOGY_GAP,MEDIUM,2339991,1,1,"Generic training equipment has real utility, but no single current V1 capability expresses its supported movement/function set."
1922,Multipower MO 2.0 | Obelix®,true,PLATE_LOADED_MACHINE,UNMODELED,,ONTOLOGY_GAP,,,PRODUCT_FAMILY:PLATE_LOADED_MACHINE|STRUCTURED_SEMANTIC_EVIDENCE:AVAILABLE,ONTOLOGY_GAP,MEDIUM,9689964,4,4,"Generic training equipment has real utility, but no single current V1 capability expresses its supported movement/function set."
1945,Pack Delta Basics | HWM®,true,UNKNOWN,UNMODELED,,AMBIGUOUS,,,PRODUCT_FAMILY:UNKNOWN|STRUCTURED_SEMANTIC_EVIDENCE:AVAILABLE,AMBIGUITY,MEDIUM,0,0,0,Pack or multi-use wording prevents a deterministic product-level capability decision.
1946,Pack Delta Pro | HWM®,true,UNKNOWN,UNMODELED,,AMBIGUOUS,,,PRODUCT_FAMILY:UNKNOWN|STRUCTURED_SEMANTIC_EVIDENCE:AVAILABLE,AMBIGUITY,MEDIUM,2162214,2,2,Pack or multi-use wording prevents a deterministic product-level capability decision.
1947,Pack Alpha Essentials | HWM®,true,UNKNOWN,UNMODELED,,AMBIGUOUS,,,PRODUCT_FAMILY:UNKNOWN|STRUCTURED_SEMANTIC_EVIDENCE:AVAILABLE,AMBIGUITY,MEDIUM,0,0,0,Pack or multi-use wording prevents a deterministic product-level capability decision.
1948,Pack Alpha Premium | HWM®,true,UNKNOWN,UNMODELED,,AMBIGUOUS,,,PRODUCT_FAMILY:UNKNOWN|STRUCTURED_SEMANTIC_EVIDENCE:AVAILABLE,AMBIGUITY,MEDIUM,0,0,0,Pack or multi-use wording prevents a deterministic product-level capability decision.
1995,Almohadilla Búlgara Accesorio Alpha | HWM®,true,MACHINE_ATTACHMENT,NO_CAPABILITY_APPLICABLE,,VERIFIED_NO_APPLICABLE_CAPABILITY,,,ACCESSORY_OR_SUPPORT_SIGNAL:AVAILABLE|PRODUCT_FAMILY:MACHINE_ATTACHMENT|STRUCTURED_SEMANTIC_EVIDENCE:AVAILABLE,,HIGH,897502,31,34,Catalog evidence identifies a cardio/accessory/support product without a current V1 strength capability.
1996,Asiento Polea Accesorio Alpha | HWM®,true,CABLE_MACHINE,NO_CAPABILITY_APPLICABLE,,VERIFIED_NO_APPLICABLE_CAPABILITY,,,ACCESSORY_OR_SUPPORT_SIGNAL:AVAILABLE|PRODUCT_FAMILY:CABLE_MACHINE|STRUCTURED_SEMANTIC_EVIDENCE:AVAILABLE,,HIGH,834139,17,17,Catalog evidence identifies a cardio/accessory/support product without a current V1 strength capability.
1997,Par J-Cups Accesorio Alpha | HWM®,true,MACHINE_ATTACHMENT,NO_CAPABILITY_APPLICABLE,,VERIFIED_NO_APPLICABLE_CAPABILITY,,,ACCESSORY_OR_SUPPORT_SIGNAL:AVAILABLE|PRODUCT_FAMILY:MACHINE_ATTACHMENT|STRUCTURED_SEMANTIC_EVIDENCE:AVAILABLE,,HIGH,284713,9,9,Catalog evidence identifies a cardio/accessory/support product without a current V1 strength capability.
1998,Landmine 360º Accesorio Alpha | HWM®,true,MACHINE_ATTACHMENT,NO_CAPABILITY_APPLICABLE,,VERIFIED_NO_APPLICABLE_CAPABILITY,,,ACCESSORY_OR_SUPPORT_SIGNAL:AVAILABLE|PRODUCT_FAMILY:MACHINE_ATTACHMENT|STRUCTURED_SEMANTIC_EVIDENCE:AVAILABLE,,HIGH,1017093,33,42,Catalog evidence identifies a cardio/accessory/support product without a current V1 strength capability.
1999,Cable Polea Rack Pro 2.0 Accesorio Alpha | HWM®,true,CABLE_MACHINE,NO_CAPABILITY_APPLICABLE,,VERIFIED_NO_APPLICABLE_CAPABILITY,,,ACCESSORY_OR_SUPPORT_SIGNAL:AVAILABLE|PRODUCT_FAMILY:CABLE_MACHINE|STRUCTURED_SEMANTIC_EVIDENCE:AVAILABLE,,HIGH,1292238,20,27,Catalog evidence identifies a cardio/accessory/support product without a current V1 strength capability.
2001,Roller de Antebrazo Accesorio Alpha | HWM®,true,MACHINE_ATTACHMENT,NO_CAPABILITY_APPLICABLE,,VERIFIED_NO_APPLICABLE_CAPABILITY,,,ACCESSORY_OR_SUPPORT_SIGNAL:AVAILABLE|PRODUCT_FAMILY:MACHINE_ATTACHMENT|STRUCTURED_SEMANTIC_EVIDENCE:AVAILABLE,,HIGH,1291214,29,29,Catalog evidence identifies a cardio/accessory/support product without a current V1 strength capability.
2002,Soporte de Barra x2 Accesorio Alpha | HWM®,true,MACHINE_ATTACHMENT,NO_CAPABILITY_APPLICABLE,,VERIFIED_NO_APPLICABLE_CAPABILITY,,,ACCESSORY_OR_SUPPORT_SIGNAL:AVAILABLE|PRODUCT_FAMILY:MACHINE_ATTACHMENT|STRUCTURED_SEMANTIC_EVIDENCE:AVAILABLE,,HIGH,242535,12,12,Catalog evidence identifies a cardio/accessory/support product without a current V1 strength capability.
2003,Soporte de Barra x1 Accesorio Alpha | HWM®,true,MACHINE_ATTACHMENT,NO_CAPABILITY_APPLICABLE,,VERIFIED_NO_APPLICABLE_CAPABILITY,,,ACCESSORY_OR_SUPPORT_SIGNAL:AVAILABLE|PRODUCT_FAMILY:MACHINE_ATTACHMENT|STRUCTURED_SEMANTIC_EVIDENCE:AVAILABLE,,HIGH,193870,9,13,Catalog evidence identifies a cardio/accessory/support product without a current V1 strength capability.
2004,Dip Horns Soporte Para Fondos Accesorio Alpha | HWM®,true,MACHINE_ATTACHMENT,NO_CAPABILITY_APPLICABLE,,VERIFIED_NO_APPLICABLE_CAPABILITY,,,ACCESSORY_OR_SUPPORT_SIGNAL:AVAILABLE|PRODUCT_FAMILY:MACHINE_ATTACHMENT|STRUCTURED_SEMANTIC_EVIDENCE:AVAILABLE,,HIGH,1252541,28,28,Catalog evidence identifies a cardio/accessory/support product without a current V1 strength capability.
2005,Par Spotter Arms Accesorio Alpha | HWM®,true,MACHINE_ATTACHMENT,NO_CAPABILITY_APPLICABLE,,VERIFIED_NO_APPLICABLE_CAPABILITY,,,ACCESSORY_OR_SUPPORT_SIGNAL:AVAILABLE|PRODUCT_FAMILY:MACHINE_ATTACHMENT|STRUCTURED_SEMANTIC_EVIDENCE:AVAILABLE,,HIGH,1547820,18,18,Catalog evidence identifies a cardio/accessory/support product without a current V1 strength capability.
2006,Polea Lateral Dual Accesorio Alpha | HWM®,true,CABLE_MACHINE,NO_CAPABILITY_APPLICABLE,,VERIFIED_NO_APPLICABLE_CAPABILITY,,,ACCESSORY_OR_SUPPORT_SIGNAL:AVAILABLE|MULTIFUNCTION_SIGNAL:AVAILABLE|PRODUCT_FAMILY:CABLE_MACHINE|STRUCTURED_SEMANTIC_EVIDENCE:AVAILABLE,,HIGH,3959912,11,11,Catalog evidence identifies a cardio/accessory/support product without a current V1 strength capability.
2007,Barra Pull Up Accesorio Alpha | HWM®,true,BODYWEIGHT_GYMNASTICS,NO_CAPABILITY_APPLICABLE,,VERIFIED_NO_APPLICABLE_CAPABILITY,,,ACCESSORY_OR_SUPPORT_SIGNAL:AVAILABLE|PRODUCT_FAMILY:BODYWEIGHT_GYMNASTICS|STRUCTURED_SEMANTIC_EVIDENCE:AVAILABLE,,HIGH,513322,16,18,Catalog evidence identifies a cardio/accessory/support product without a current V1 strength capability.
2008,Polea Alta/Remo Accesorio Alpha | HWM®,true,CABLE_MACHINE,NO_CAPABILITY_APPLICABLE,,VERIFIED_NO_APPLICABLE_CAPABILITY,,,ACCESSORY_OR_SUPPORT_SIGNAL:AVAILABLE|PRODUCT_FAMILY:CABLE_MACHINE|STRUCTURED_SEMANTIC_EVIDENCE:AVAILABLE,,HIGH,1634957,5,5,Catalog evidence identifies a cardio/accessory/support product without a current V1 strength capability.
2016,Bowl Porta Magnesio Accesorio Alpha | HWM®,true,MACHINE_ATTACHMENT,NO_CAPABILITY_APPLICABLE,,VERIFIED_NO_APPLICABLE_CAPABILITY,,,ACCESSORY_OR_SUPPORT_SIGNAL:AVAILABLE|PRODUCT_FAMILY:MACHINE_ATTACHMENT|STRUCTURED_SEMANTIC_EVIDENCE:AVAILABLE,,HIGH,186974,4,4,Catalog evidence identifies a cardio/accessory/support product without a current V1 strength capability.
2017,Barra Pull Up Multigrip Accesorio Alpha | HWM®,true,BODYWEIGHT_GYMNASTICS,NO_CAPABILITY_APPLICABLE,,VERIFIED_NO_APPLICABLE_CAPABILITY,,,ACCESSORY_OR_SUPPORT_SIGNAL:AVAILABLE|PRODUCT_FAMILY:BODYWEIGHT_GYMNASTICS|STRUCTURED_SEMANTIC_EVIDENCE:AVAILABLE,,HIGH,365930,7,7,Catalog evidence identifies a cardio/accessory/support product without a current V1 strength capability.
2018,Prensa Inclinada 45° Unilateral MO 2.0 | Obelix®,true,PLATE_LOADED_MACHINE,UNMODELED,,ONTOLOGY_GAP,,,PRODUCT_FAMILY:PLATE_LOADED_MACHINE|STRUCTURED_SEMANTIC_EVIDENCE:AVAILABLE,ONTOLOGY_GAP,MEDIUM,3799980,3,3,"Generic training equipment has real utility, but no single current V1 capability expresses its supported movement/function set."
2019,V-Squat | Peach Builder,true,PLATE_LOADED_MACHINE,UNMODELED,,ONTOLOGY_GAP,,,DEFERRED_SIGNAL:SQUAT|PRODUCT_FAMILY:PLATE_LOADED_MACHINE|STRUCTURED_SEMANTIC_EVIDENCE:AVAILABLE,ONTOLOGY_GAP,HIGH,4371626,3,3,Product is a credible dedicated machine for deferred capability SQUAT; the current V1 registry intentionally cannot represent it.
2020,Hip Thrust | Peach Builder,true,PLATE_LOADED_MACHINE,UNMODELED,"{""capabilityCode"":""HIP_THRUST"",""relationType"":""DIRECT""}",SEMANTIC_COMPLETE,HIP_THRUST,,PRODUCT_FAMILY:PLATE_LOADED_MACHINE|STRUCTURED_SEMANTIC_EVIDENCE:AVAILABLE|TRUSTED_V1_SIGNAL:HIP_THRUST,,HIGH,4328468,4,4,Published assignments cover the trusted V1 capability signals observed for the product.
2021,Belt Squat | Peach Builder,true,PLATE_LOADED_MACHINE,UNMODELED,,ONTOLOGY_GAP,,,DEFERRED_SIGNAL:SQUAT|PRODUCT_FAMILY:PLATE_LOADED_MACHINE|STRUCTURED_SEMANTIC_EVIDENCE:AVAILABLE,ONTOLOGY_GAP,HIGH,2053881,2,2,Product is a credible dedicated machine for deferred capability SQUAT; the current V1 registry intentionally cannot represent it.
2022,Reverse Hyper | Peach Builder,true,PLATE_LOADED_MACHINE,UNMODELED,,ONTOLOGY_GAP,,,PRODUCT_FAMILY:PLATE_LOADED_MACHINE|STRUCTURED_SEMANTIC_EVIDENCE:AVAILABLE,ONTOLOGY_GAP,MEDIUM,2690971,3,3,"Generic training equipment has real utility, but no single current V1 capability expresses its supported movement/function set."
2023,Abductor de Pie | Peach Builder,true,PLATE_LOADED_MACHINE,UNMODELED,"{""capabilityCode"":""ABDUCTOR"",""relationType"":""DIRECT""}",SEMANTIC_COMPLETE,ABDUCTOR,,PRODUCT_FAMILY:PLATE_LOADED_MACHINE|STRUCTURED_SEMANTIC_EVIDENCE:AVAILABLE|TRUSTED_V1_SIGNAL:ABDUCTOR,,HIGH,949991,1,1,Published assignments cover the trusted V1 capability signals observed for the product.
2024,Hip Thrust de Pie | Peach Builder,true,PLATE_LOADED_MACHINE,UNMODELED,"{""capabilityCode"":""HIP_THRUST"",""relationType"":""DIRECT""}",SEMANTIC_COMPLETE,HIP_THRUST,,PRODUCT_FAMILY:PLATE_LOADED_MACHINE|STRUCTURED_SEMANTIC_EVIDENCE:AVAILABLE|TRUSTED_V1_SIGNAL:HIP_THRUST,,HIGH,2752974,3,3,Published assignments cover the trusted V1 capability signals observed for the product.
2025,Multi Hip Extension | Peach Builder,true,PLATE_LOADED_MACHINE,INSUFFICIENT_EVIDENCE,,DATA_GAP,,,MULTIFUNCTION_SIGNAL:AVAILABLE|PRODUCT_FAMILY:PLATE_LOADED_MACHINE|STRUCTURED_SEMANTIC_EVIDENCE:AVAILABLE,DATA_GAP,LOW,2477081,2,2,Exact missing data: trusted structured category or semantic feature evidence needed to decide whether a V1 capability applies.
2026,Multi Dead Lift | Peach Builder,true,PLATE_LOADED_MACHINE,UNMODELED,,ONTOLOGY_GAP,,,MULTIFUNCTION_SIGNAL:AVAILABLE|PRODUCT_FAMILY:PLATE_LOADED_MACHINE|STRUCTURED_SEMANTIC_EVIDENCE:AVAILABLE,ONTOLOGY_GAP,MEDIUM,1079991,1,1,"Generic training equipment has real utility, but no single current V1 capability expresses its supported movement/function set."
2051,Bicicleta Reclinada NextGen EB8800 | Obelix,true,CARDIO_MACHINE,UNMODELED,,VERIFIED_NO_APPLICABLE_CAPABILITY,,,ACCESSORY_OR_SUPPORT_SIGNAL:AVAILABLE|PRODUCT_FAMILY:CARDIO_MACHINE|STRUCTURED_SEMANTIC_EVIDENCE:AVAILABLE,,HIGH,3899972,3,3,Catalog evidence identifies a cardio/accessory/support product without a current V1 strength capability.
2053,Bicicleta de Spinning Home FZPRO | Forza,true,CARDIO_MACHINE,UNMODELED,,VERIFIED_NO_APPLICABLE_CAPABILITY,,,ACCESSORY_OR_SUPPORT_SIGNAL:AVAILABLE|PRODUCT_FAMILY:CARDIO_MACHINE|STRUCTURED_SEMANTIC_EVIDENCE:AVAILABLE,,HIGH,1622219,13,13,Catalog evidence identifies a cardio/accessory/support product without a current V1 strength capability.
2055,Bicicleta Reclinada Magnética Home FZLUX | Forza,true,CARDIO_MACHINE,UNMODELED,,VERIFIED_NO_APPLICABLE_CAPABILITY,,,ACCESSORY_OR_SUPPORT_SIGNAL:AVAILABLE|PRODUCT_FAMILY:CARDIO_MACHINE|STRUCTURED_SEMANTIC_EVIDENCE:AVAILABLE,,HIGH,5637394,22,25,Catalog evidence identifies a cardio/accessory/support product without a current V1 strength capability.
2056,Elíptica Magnética Home FZLUX | Forza,true,CARDIO_MACHINE,UNMODELED,,VERIFIED_NO_APPLICABLE_CAPABILITY,,,PRODUCT_FAMILY:CARDIO_MACHINE|STRUCTURED_SEMANTIC_EVIDENCE:AVAILABLE,,HIGH,5756115,20,20,Catalog evidence identifies a cardio/accessory/support product without a current V1 strength capability.
2057,Bicicleta Estática Magnética Home FZLUX | Forza,true,CARDIO_MACHINE,UNMODELED,,VERIFIED_NO_APPLICABLE_CAPABILITY,,,ACCESSORY_OR_SUPPORT_SIGNAL:AVAILABLE|PRODUCT_FAMILY:CARDIO_MACHINE|STRUCTURED_SEMANTIC_EVIDENCE:AVAILABLE,,HIGH,1862920,13,13,Catalog evidence identifies a cardio/accessory/support product without a current V1 strength capability.
2058,Wall Rack Plegable Alpha | HWM®,true,RACK_CAGE,UNMODELED,"{""capabilityCode"":""DIP"",""relationType"":""SUPPORTED""}|{""capabilityCode"":""PULL_UP"",""relationType"":""SUPPORTED""}",SEMANTIC_COMPLETE,,,ACCESSORY_OR_SUPPORT_SIGNAL:AVAILABLE|PRODUCT_FAMILY:RACK_CAGE|STRUCTURED_SEMANTIC_EVIDENCE:AVAILABLE,,HIGH,8962148,29,31,Published assignments cover the trusted V1 capability signals observed for the product.
2059,Barra Pull Ups Multigrip Pro | HWM®,true,BODYWEIGHT_GYMNASTICS,UNMODELED,,VERIFIED_NO_APPLICABLE_CAPABILITY,,,ACCESSORY_OR_SUPPORT_SIGNAL:AVAILABLE|PRODUCT_FAMILY:BODYWEIGHT_GYMNASTICS|STRUCTURED_SEMANTIC_EVIDENCE:AVAILABLE,,HIGH,2034796,25,25,Catalog evidence identifies a cardio/accessory/support product without a current V1 strength capability.
2068,Smith Machine ZR Series | PROmachine,true,PLATE_LOADED_MACHINE,UNMODELED,,ONTOLOGY_GAP,,,PRODUCT_FAMILY:PLATE_LOADED_MACHINE|STRUCTURED_SEMANTIC_EVIDENCE:AVAILABLE,ONTOLOGY_GAP,MEDIUM,12706825,34,36,"Generic training equipment has real utility, but no single current V1 capability expresses its supported movement/function set."
2069,Extensión de Cuádriceps ISO ZR Series | PROmachine,true,PLATE_LOADED_MACHINE,UNMODELED,"{""capabilityCode"":""LEG_EXTENSION"",""relationType"":""DIRECT""}",SEMANTIC_COMPLETE,LEG_EXTENSION,,PRODUCT_FAMILY:PLATE_LOADED_MACHINE|STRUCTURED_SEMANTIC_EVIDENCE:AVAILABLE|TRUSTED_V1_SIGNAL:LEG_EXTENSION,,HIGH,5702215,19,19,Published assignments cover the trusted V1 capability signals observed for the product.
2088,Hip Thrust Beast | Obelix,true,PLATE_LOADED_MACHINE,UNMODELED,"{""capabilityCode"":""HIP_THRUST"",""relationType"":""DIRECT""}",SEMANTIC_COMPLETE,HIP_THRUST,,PRODUCT_FAMILY:PLATE_LOADED_MACHINE|STRUCTURED_SEMANTIC_EVIDENCE:AVAILABLE|TRUSTED_V1_SIGNAL:HIP_THRUST,,HIGH,1079992,1,1,Published assignments cover the trusted V1 capability signals observed for the product.
2089,3D Hip Thruster Beast | Obelix,true,PLATE_LOADED_MACHINE,UNMODELED,,ONTOLOGY_GAP,,,PRODUCT_FAMILY:PLATE_LOADED_MACHINE|STRUCTURED_SEMANTIC_EVIDENCE:AVAILABLE,ONTOLOGY_GAP,MEDIUM,1350000,1,1,"Generic training equipment has real utility, but no single current V1 capability expresses its supported movement/function set."
2091,Pull Over Beast | Obelix,true,PLATE_LOADED_MACHINE,UNMODELED,,ONTOLOGY_GAP,,,PRODUCT_FAMILY:PLATE_LOADED_MACHINE|STRUCTURED_SEMANTIC_EVIDENCE:AVAILABLE,ONTOLOGY_GAP,MEDIUM,999990,1,1,"Generic training equipment has real utility, but no single current V1 capability expresses its supported movement/function set."
2092,T-Bar Row Beast | Obelix,true,PLATE_LOADED_MACHINE,UNMODELED,,RULE_GAP,ROW,ROW,PRODUCT_FAMILY:PLATE_LOADED_MACHINE|STRUCTURED_SEMANTIC_EVIDENCE:AVAILABLE|TRUSTED_V1_SIGNAL:ROW,RULE_GAP,HIGH,2104978,3,3,Trusted product evidence indicates ROW but the published snapshot has no assignment.
2096,Par Paralelas Triple Grip | Rising,true,BODYWEIGHT_GYMNASTICS,NO_CAPABILITY_APPLICABLE,,VERIFIED_NO_APPLICABLE_CAPABILITY,,,ACCESSORY_OR_SUPPORT_SIGNAL:AVAILABLE|PRODUCT_FAMILY:BODYWEIGHT_GYMNASTICS|STRUCTURED_SEMANTIC_EVIDENCE:AVAILABLE,,HIGH,150990,2,2,Catalog evidence identifies a cardio/accessory/support product without a current V1 strength capability.
2111,Landmine Ball 360 | Rising,true,MACHINE_ATTACHMENT,UNMODELED,,VERIFIED_NO_APPLICABLE_CAPABILITY,,,PRODUCT_FAMILY:MACHINE_ATTACHMENT|STRUCTURED_SEMANTIC_EVIDENCE:AVAILABLE,,HIGH,912674,20,22,Catalog evidence identifies a cardio/accessory/support product without a current V1 strength capability.
2128,Par Collarines Olímpico Magnéticos | Rising,true,MACHINE_ATTACHMENT,UNMODELED,,VERIFIED_NO_APPLICABLE_CAPABILITY,,,PRODUCT_FAMILY:MACHINE_ATTACHMENT|STRUCTURED_SEMANTIC_EVIDENCE:AVAILABLE,,HIGH,112691,8,8,Catalog evidence identifies a cardio/accessory/support product without a current V1 strength capability.
2133,Smith Machine Half Rack ZR Series | PROmachine,true,PLATE_LOADED_MACHINE,UNMODELED,,ONTOLOGY_GAP,,,PRODUCT_FAMILY:PLATE_LOADED_MACHINE|STRUCTURED_SEMANTIC_EVIDENCE:AVAILABLE,ONTOLOGY_GAP,MEDIUM,9935233,21,21,"Generic training equipment has real utility, but no single current V1 capability expresses its supported movement/function set."
2134,Multifuncional Smith ZR Series | PROmachine,true,PLATE_LOADED_MACHINE,UNMODELED,,ONTOLOGY_GAP,,,MULTIFUNCTION_SIGNAL:AVAILABLE|PRODUCT_FAMILY:PLATE_LOADED_MACHINE|STRUCTURED_SEMANTIC_EVIDENCE:AVAILABLE,ONTOLOGY_GAP,MEDIUM,16628593,23,23,"Generic training equipment has real utility, but no single current V1 capability expresses its supported movement/function set."
2139,Polea Dual Multifuncional 70kg ZR Series | PROmachine,true,CABLE_MACHINE,INSUFFICIENT_EVIDENCE,,DATA_GAP,,,MULTIFUNCTION_SIGNAL:AVAILABLE|PRODUCT_FAMILY:CABLE_MACHINE|STRUCTURED_SEMANTIC_EVIDENCE:AVAILABLE,DATA_GAP,LOW,7113272,18,19,Exact missing data: trusted structured category or semantic feature evidence needed to decide whether a V1 capability applies.
2140,Banco Hip Thrust 3.0 ZR Series | PROmachine,true,BENCH,UNMODELED,"{""capabilityCode"":""HIP_THRUST"",""relationType"":""DIRECT""}",SEMANTIC_COMPLETE,,,PRODUCT_FAMILY:BENCH|STRUCTURED_SEMANTIC_EVIDENCE:AVAILABLE,,HIGH,3599909,11,11,Published assignments cover the trusted V1 capability signals observed for the product.
2141,Banco Hip Thrust/Nordic Curl ZR Series | PROmachine,true,BENCH,UNMODELED,"{""capabilityCode"":""HIP_THRUST"",""relationType"":""DIRECT""}",SEMANTIC_COMPLETE,,,PRODUCT_FAMILY:BENCH|STRUCTURED_SEMANTIC_EVIDENCE:AVAILABLE,,HIGH,1895936,8,8,Published assignments cover the trusted V1 capability signals observed for the product.
2142,Polea Alta/Remo 70kg ZR Series | PROmachine,true,CABLE_MACHINE,UNMODELED,"{""capabilityCode"":""LAT_PULLDOWN"",""relationType"":""DIRECT""}|{""capabilityCode"":""ROW"",""relationType"":""DIRECT""}",SEMANTIC_COMPLETE,,,ACCESSORY_OR_SUPPORT_SIGNAL:AVAILABLE|PRODUCT_FAMILY:CABLE_MACHINE|STRUCTURED_SEMANTIC_EVIDENCE:AVAILABLE,,HIGH,7473397,21,21,Published assignments cover the trusted V1 capability signals observed for the product.
2143,Banco Hip Thrust 1.0 ZR Series | PROmachine,true,BENCH,UNMODELED,"{""capabilityCode"":""HIP_THRUST"",""relationType"":""DIRECT""}",SEMANTIC_COMPLETE,,,PRODUCT_FAMILY:BENCH|STRUCTURED_SEMANTIC_EVIDENCE:AVAILABLE,,HIGH,239992,1,1,Published assignments cover the trusted V1 capability signals observed for the product.
2182,Multifuncional Trainer ZR Series | PROmachine,true,PLATE_LOADED_MACHINE,UNMODELED,"{""capabilityCode"":""PULL_UP"",""relationType"":""SUPPORTED""}",SEMANTIC_COMPLETE,PULL_UP,,MULTIFUNCTION_SIGNAL:AVAILABLE|PRODUCT_FAMILY:PLATE_LOADED_MACHINE|STRUCTURED_SEMANTIC_EVIDENCE:AVAILABLE|TRUSTED_V1_SIGNAL:PULL_UP,,HIGH,1772970,3,3,Published assignments cover the trusted V1 capability signals observed for the product.
2187,Trotadora Comercial S1 Series LED - 2da Selección | Obelix® (OB260-SU40-3),true,CARDIO_MACHINE,UNMODELED,,VERIFIED_NO_APPLICABLE_CAPABILITY,,,PRODUCT_FAMILY:CARDIO_MACHINE|STRUCTURED_SEMANTIC_EVIDENCE:AVAILABLE,,HIGH,1329993,1,1,Catalog evidence identifies a cardio/accessory/support product without a current V1 strength capability.
2188,Prensa Horizontal Sentado MO 2.0 - 2da Selección | Obelix® (OB-MO2-S12-SU40-2),true,PLATE_LOADED_MACHINE,UNMODELED,,ONTOLOGY_GAP,,,PRODUCT_FAMILY:PLATE_LOADED_MACHINE|STRUCTURED_SEMANTIC_EVIDENCE:AVAILABLE,ONTOLOGY_GAP,MEDIUM,0,0,0,"Generic training equipment has real utility, but no single current V1 capability expresses its supported movement/function set."
2194,Eliptica Comercial S1 Series LED - 2da Selección | Obelix® (OB9001-SU40-1),true,CARDIO_MACHINE,UNMODELED,,VERIFIED_NO_APPLICABLE_CAPABILITY,,,PRODUCT_FAMILY:CARDIO_MACHINE|STRUCTURED_SEMANTIC_EVIDENCE:AVAILABLE,,HIGH,959994,1,1,Catalog evidence identifies a cardio/accessory/support product without a current V1 strength capability.
2195,Pack 3 Agarres Ergonómicos - Accesorio Polea | Obelix,true,CABLE_MACHINE,NO_CAPABILITY_APPLICABLE,,VERIFIED_NO_APPLICABLE_CAPABILITY,,,ACCESSORY_OR_SUPPORT_SIGNAL:AVAILABLE|PRODUCT_FAMILY:CABLE_MACHINE|STRUCTURED_SEMANTIC_EVIDENCE:AVAILABLE,,HIGH,1535028,20,21,Catalog evidence identifies a cardio/accessory/support product without a current V1 strength capability.
2203,Dual Cuádriceps / Femoral Acostado MO 2.0 | Obelix®,true,SELECTORIZED_MACHINE,INSUFFICIENT_EVIDENCE,,NEEDS_REVIEW,LEG_EXTENSION|LEG_CURL,LEG_EXTENSION|LEG_CURL,MULTIFUNCTION_SIGNAL:AVAILABLE|PRODUCT_FAMILY:SELECTORIZED_MACHINE|STRUCTURED_SEMANTIC_EVIDENCE:AVAILABLE|TRUSTED_V1_SIGNAL:LEG_CURL|LEG_EXTENSION,QUALITY_REVIEW,MEDIUM,979994,1,1,"Multiple or multifunction V1 signals require product-level adjudication before publishing LEG_EXTENSION, LEG_CURL."
2261,Par Anillas Olímpicas de Gimnasia Madera - 2da Selección (Wodstock) | HWM®,true,BODYWEIGHT_GYMNASTICS,UNMODELED,,VERIFIED_NO_APPLICABLE_CAPABILITY,,,ACCESSORY_OR_SUPPORT_SIGNAL:AVAILABLE|PRODUCT_FAMILY:BODYWEIGHT_GYMNASTICS|STRUCTURED_SEMANTIC_EVIDENCE:AVAILABLE,,HIGH,292407,10,15,Catalog evidence identifies a cardio/accessory/support product without a current V1 strength capability.
2290,Trotadora Comercial S1 Series TFT Touch - 2da Selección | Obelix® (OB260A-SU40-2),true,CARDIO_MACHINE,UNMODELED,,VERIFIED_NO_APPLICABLE_CAPABILITY,,,PRODUCT_FAMILY:CARDIO_MACHINE|STRUCTURED_SEMANTIC_EVIDENCE:AVAILABLE,,HIGH,0,0,0,Catalog evidence identifies a cardio/accessory/support product without a current V1 strength capability.
2295,Air Row Hurricane HWM®,true,CARDIO_MACHINE,UNMODELED,,VERIFIED_NO_APPLICABLE_CAPABILITY,,,PRODUCT_FAMILY:CARDIO_MACHINE|STRUCTURED_SEMANTIC_EVIDENCE:AVAILABLE,,HIGH,0,0,0,Catalog evidence identifies a cardio/accessory/support product without a current V1 strength capability.
2296,Air Ski Hurricane HWM®,true,CARDIO_MACHINE,UNMODELED,,VERIFIED_NO_APPLICABLE_CAPABILITY,,,PRODUCT_FAMILY:CARDIO_MACHINE|STRUCTURED_SEMANTIC_EVIDENCE:AVAILABLE,,HIGH,0,0,0,Catalog evidence identifies a cardio/accessory/support product without a current V1 strength capability.
2297,Air Bike Hurricane 3.0 HWM®,true,CARDIO_MACHINE,UNMODELED,,VERIFIED_NO_APPLICABLE_CAPABILITY,,,PRODUCT_FAMILY:CARDIO_MACHINE|STRUCTURED_SEMANTIC_EVIDENCE:AVAILABLE,,HIGH,0,0,0,Catalog evidence identifies a cardio/accessory/support product without a current V1 strength capability.
2300,Polea Alta V8 Series - 2da Selección | Obelix (V8-522-SU40-2),true,CABLE_MACHINE,UNMODELED,"{""capabilityCode"":""LAT_PULLDOWN"",""relationType"":""DIRECT""}",SEMANTIC_COMPLETE,LAT_PULLDOWN,,PRODUCT_FAMILY:CABLE_MACHINE|STRUCTURED_SEMANTIC_EVIDENCE:AVAILABLE|TRUSTED_V1_SIGNAL:LAT_PULLDOWN,,HIGH,0,0,0,Published assignments cover the trusted V1 capability signals observed for the product.
2301,Curl Femoral Sentado MO 2.0 - 2da Selección Obelix® (OB-MO2-S14-SU45-1),true,UNKNOWN,UNMODELED,"{""capabilityCode"":""LEG_CURL"",""relationType"":""DIRECT""}",SEMANTIC_COMPLETE,LEG_CURL,,PRODUCT_FAMILY:UNKNOWN|STRUCTURED_SEMANTIC_EVIDENCE:AVAILABLE|TRUSTED_V1_SIGNAL:LEG_CURL,,HIGH,0,0,0,Published assignments cover the trusted V1 capability signals observed for the product.
2302,Hip Thrust Beast - 2da Selección Obelix (OB-BT82032A-SU40-1),true,UNKNOWN,UNMODELED,"{""capabilityCode"":""HIP_THRUST"",""relationType"":""DIRECT""}",SEMANTIC_COMPLETE,HIP_THRUST,,PRODUCT_FAMILY:UNKNOWN|STRUCTURED_SEMANTIC_EVIDENCE:AVAILABLE|TRUSTED_V1_SIGNAL:HIP_THRUST,,HIGH,0,0,0,Published assignments cover the trusted V1 capability signals observed for the product.
2304,Bicicleta Estática Magnética Home FZLUX - 2da Selección Forza (FZ8512-SU40-1),true,CARDIO_MACHINE,UNMODELED,,VERIFIED_NO_APPLICABLE_CAPABILITY,,,ACCESSORY_OR_SUPPORT_SIGNAL:AVAILABLE|PRODUCT_FAMILY:CARDIO_MACHINE|STRUCTURED_SEMANTIC_EVIDENCE:AVAILABLE,,HIGH,0,0,0,Catalog evidence identifies a cardio/accessory/support product without a current V1 strength capability.
